x1,x2,x3,x4,x5,x6,y
-0.47013012288791983,0.49433260891148667,0.058981189553298896,-1.0,1.0,1.0,6.710012956567379
0.33786029571230736,-1.0,0.16655272602263443,-1.0,-0.9871636244148261,-1.0,11.505653274052099
-0.0388642425540269,-0.7385573831179223,0.07804959631533814,0.6513322775413274,1.0,1.0,4.201526236298997
0.6008130115840329,0.15608400444092374,0.4666452827229417,0.4619068950895613,-0.058680002059234626,0.23616945555096328,-1.1167672316587067
-1.0,-0.4238546944146734,0.8981318151889262,-0.262313704410871,1.0,0.9606343853314647,-0.14492202268040472
1.0,1.0,1.0,0.30638875914712194,-0.011288864134055223,-0.045301836984757926,-1.0533304886896144
-0.5422585825073998,-0.6066899502033014,0.21100285331991553,-0.25232166571807063,-0.15393025716847547,0.2459186008491765,-0.9821012285545409
-0.5557409012310979,0.42532485863788283,-0.6512927626116225,-1.0,-0.13450771503886527,-0.39161126636057125,-1.1526482891600727
-0.551516964768904,-1.0,-0.23962156503435528,-1.0,-1.0,-0.4122985919399486,5.012561348994662
0.007661829099649048,0.15756698650420076,-0.5379744014321542,-0.8858466745348137,1.0,0.7725127951451736,3.466667869609005
-0.9685697692964279,-0.9575729826303682,-1.0,-0.7399099327956876,0.4834831038408457,1.0,1.0095296279227377
-1.0,-1.0,-0.4242925410786673,-0.8317469187991113,1.0,0.46215762224343315,-0.7519327510964852
0.3655232416250467,1.0,1.0,0.02514457271341619,-0.2049095965622889,-0.7383670780953527,-1.3441885768741928
-0.7625555988704564,-0.2682417095593257,-1.0,-0.3842428064011558,-0.5496786749681197,-1.0,3.7102566896946327
-0.00427629006866026,0.29556804091919897,-0.17059974547937937,-0.9334275667456983,-0.16160811587799595,-0.9590115182611785,0.9712127141972096
-1.0,-0.9819084733480361,-0.36936224164352827,0.1667691375157494,-1.0,-0.9810451827978103,-0.08302090625987513
0.5498570321248148,-1.0,0.6725134704280257,-1.0,-0.5022278538896159,0.11153484489561993,4.620934408065264
0.7600328100238205,0.030185466859642185,-0.29475386276034204,0.3148619183621187,0.01363896773539075,1.0,2.3397997135849664
0.07899500279067806,0.038775284337103144,-0.6858683962887406,-0.8565000534747511,0.11421571610522763,0.7156206507618585,2.1579594195331113
-0.6409541363622676,0.28644569114946994,0.027438535564637823,-0.9228964446857688,1.0,1.0,7.779304506171119
0.10691207737313829,-0.44184220199723023,-0.323445128218404,-0.44499750643761804,0.016830199552627795,1.0,2.5378220395732467
-0.7551019224986077,-1.0,-0.34410348413154224,-1.0,-0.09955426729159056,-0.2551695360739481,-0.9352359101859964
1.0,-0.30759723702802755,0.01713135168633695,0.9105559520290339,1.0,0.09281419714469696,-1.9046280728664973
-1.0,-0.1967762386728249,-0.7705376566941053,-1.0,0.31898224842473055,-0.3330058931351707,1.2727738738105012
-0.8264756592895641,-0.5230448625095143,-1.0,0.12983453262071432,-0.6759332911959098,1.0,4.087505866495147
-1.0,-0.23044328047593055,-1.0,0.29904578525012054,1.0,1.0,7.192930867009558
0.33628844701336735,0.91827911548893,0.35161158078978616,-0.37341275243651273,0.01805214600025662,-0.4157280287115641,-1.7397368074179094
-0.9741510840706954,0.45473103453818575,-0.037905668386052735,0.32866428594902025,-0.9837067158195943,-0.32348440514836074,-1.9635025485953028
-0.10792546400474917,-0.5970093949892933,-0.45659306143647294,-1.0,1.0,0.7531633651282221,1.3588280212943173
-1.0,-1.0,-1.0,-0.4709540922189719,0.671893368184072,0.12401677540295876,-4.222813250616228
-0.7453920634515458,0.4996245424909684,1.0,1.0,0.9793325179029275,1.0,-1.9330453011975026
0.22663667423126665,0.11691216792588088,0.2565176989095863,0.6897393995399737,-0.08568661768123442,-1.0,3.519056094116746
0.06640804251195037,-0.26343613222494333,-0.3796586230760437,0.5770100055751778,-0.08307863971362961,-1.0,2.564305261801404
-0.3319535024542244,1.0,0.9790865856963487,0.5729606034491093,1.0,-1.0,-3.120222073733407
0.4240226913091213,0.901158565913547,-0.5012738110878556,1.0,-0.15064461831301967,0.8141046089810791,3.3388599068867024
1.0,0.48456973106303014,0.6437666866555425,0.4575155304201872,1.0,-1.0,-1.5658272410789307
0.33340526718156643,1.0,1.0,1.0,0.24788936024902603,-0.5995465064630924,-2.2912367945968564
-1.0,-0.3591047735924743,0.6479508224207651,-0.6211492191998471,-1.0,-1.0,-0.09925203526993676
0.3843302646740786,-0.7044046670554915,-0.8585281103414351,-0.5391911085153643,-0.07117845937352077,0.6014086525231396,0.9368245130929662
-0.307331985416953,-0.6625215114949725,-1.0,-0.7473817901519216,-0.29528857091658756,-0.23499364400828826,-1.263385990178099
0.8849172413529645,-0.20311789311511003,-0.7607684043025225,0.07458395308547927,0.6841382340454583,-0.08774008090428342,-0.8237363576903953
0.7029291285320831,1.0,0.9107207870030145,1.0,-0.40684272042961844,0.7807145662937396,-1.9284827779056943
0.4948942683577031,1.0,0.31316688751317057,0.8315276792103563,-0.4768364629719827,-1.0,5.627807294030302
-1.0,-0.6046151989465335,0.07388354622515703,-1.0,-1.0,-0.996504801932105,2.685631987565259
1.0,0.5424518207968181,1.0,0.8182974363592801,-0.21365770862762626,0.9856689912632421,-2.206827129840926
-0.28539006755725127,-0.10533196218258914,1.0,0.12297262414250243,-1.0,-1.0,-0.8901495710029261
-0.6332546570538802,-0.14941312638620086,-0.24413906806948737,-1.0,0.07157179329757746,-0.5854796415906296,0.6405281983958508
-0.8010373112784498,-1.0,-0.02054054331322619,-1.0,-0.35241451711802174,-0.6411464137125235,2.6588757609794285
0.9717294829991963,1.0,0.24031724042104718,0.24271885823011652,-0.5276722993914584,-1.0,5.14762444506808
-0.6119522155428445,-1.0,-1.0,-0.9906264232683573,0.20021159419404,1.0,-1.619390599072402
0.02044633782341687,-0.18461469203179126,-0.7850672531572133,-1.0,-0.20149945919668744,-1.0,2.4565084364548087
-0.3776032598156197,-0.819258273766819,0.269822101683995,-1.0,-0.5956782659733961,-1.0,5.748739713507574
-1.0,-0.5975018626058064,-0.46843978339887765,-0.936552684528708,0.6717999876320746,0.6972421026486841,-0.055715198339216454
0.19616653668569684,1.0,-0.7371645749374507,-0.2430687437075404,0.3942824821561597,1.0,7.416655028813913
0.5330370206111081,0.02195740108374089,0.23709673335285797,1.0,1.0,0.5262395923197878,0.013811195581122204
-1.0,-1.0,-0.8767010813789239,-0.3431204499151046,1.0,0.6453803908728898,-2.3742246633966877
1.0,0.8615248667686859,1.0,0.5186499271775554,1.0,0.5571663631510233,-5.1035215786491435
-0.33544224249399945,0.791018354528153,-1.0,-0.0667448600705341,0.47871569844297746,0.23530766101266792,2.2902148020342152
-0.045095610297265165,0.7091440891190904,-0.4549662344699881,-0.763154612882186,0.12176015573879106,0.5904230133946922,2.8340320556008023
0.23540176921780076,-0.8840666183030272,0.12944899330241866,1.0,1.0,1.0,3.265790661160686
-0.8585073794087167,-0.24003953907121806,0.4443156979900276,-0.3675512230971738,-0.9604971248489358,0.406056801771871,-3.4125863343022624
1.0,1.0,1.0,1.0,0.2903033534653041,-0.0708521551361827,-3.7873687547982993
0.4911596394930402,0.30598459768791897,1.0,0.9116155115075177,-0.24363319336023692,0.10830344804846898,-0.6986729015975399
0.1632058367857993,0.0649450247077194,-0.9720753934494323,-1.0,-1.0,-0.4825551086288322,-0.13193642581736975
-0.9298820904363356,-0.0232818914702988,-1.0,-1.0,0.4100767937685972,0.6108392002806046,1.2263207382185375
1.0,0.7849070231562989,0.46577732583989745,0.5867221033574851,-0.991030699193326,-1.0,8.468144078979565
1.0,0.07090581460337986,-0.3717098149190927,0.4084770789442855,-1.0,0.6868094118748688,4.546599260087144
0.33961652729460634,1.0,1.0,-0.01971190841006143,-0.006733545813333297,-0.4092810013121731,-2.6191551456846343
-0.5975209883504022,1.0,-0.10672923773897824,-0.04620493611440746,0.36268897514179965,0.33306200992850726,1.6746821832962218
-0.4103732642049776,-0.3904975055296487,-1.0,-1.0,-1.0,-0.9871789181720038,2.755094676533491
-0.02529134593787058,-0.24776811129131673,0.8601384918413206,1.0,0.8377097383323406,0.4481419581463565,-1.6468316758018502
-0.44446851277776667,-0.06316756944869528,-0.1482226295261435,-1.0,0.29603506525556206,1.0,3.205018027367791
-1.0,-0.01330410146844696,-1.0,0.31125405006057444,0.7318892699679083,0.38190723230579793,0.8431647896059147
0.3936481450727287,0.0626360394632205,1.0,-0.3258468356101286,-0.0800346251382984,0.8044422077817689,-0.5495490341797159
-1.0,0.006170941266965289,0.45242347721973886,-0.24477066045365992,-1.0,0.49072282157475067,-3.8643127544220626
-0.58579978934423,0.01802883413430756,-0.9900155989258025,-1.0,-0.204323583212425,0.952150759759284,5.455560926857463
0.8378844623521721,0.9911168215957142,0.5799402381395236,-0.4789561077025051,-0.2612413598391473,-0.01667716143356822,-0.18578346343907193
1.0,0.290411013080474,-0.7438576866854102,0.9875370858335093,-0.19023767434737898,-0.9196767992576326,2.9302327727787043
0.682027730443181,-0.9127751238641393,0.3676389558727848,-0.28757881668451113,1.0,1.0,-0.7277341561521493
-0.5815442712640073,-0.6806827232397585,-1.0,-1.0,0.5327002320555743,0.7358893959198913,-0.5623786253183974
0.5299678525469389,-0.6835749747299391,0.3371669274172751,0.3933179998649661,-1.0,0.40083515399276837,3.3463302236335606
-0.8195374151551287,-0.975929566140854,-0.2519481074265948,-1.0,0.9844924905467263,1.0,0.9637180371292803
0.058028161133280465,0.13797592796965708,-0.5192091071195858,0.39318529084612686,0.3216549645775264,-0.5827171776719693,0.4746589154232374
0.8805250634283217,1.0,1.0,0.6279126752787081,-0.9874956813498588,-0.03517408345395312,1.6313097288630405
-0.5086977828885867,-0.1383049140566437,-1.0,-1.0,1.0,0.6128163241420459,3.156220815830495
-1.0,0.0464918212681773,0.19624479460901956,-1.0,1.0,1.0,5.510397829969826
1.0,1.0,0.7486497131034597,0.48550007751596524,0.17801743112054846,0.8303318303024845,-2.78166644090094
-1.0,-0.22472234380166745,-1.0,0.2740367906814531,-0.1629739228734076,0.9437629538856231,4.370500109764842
-0.33701829594636823,-0.4173663346937213,-0.6136473874504031,-1.0,-0.056245259903201617,-0.6214133889597572,0.22337524410935933
0.7407963443322876,0.00557623940242058,1.0,1.0,1.0,1.0,-4.587178663371251
-0.7096154728787771,-0.46261071461677394,-0.9908299294541374,0.4952152558220007,1.0,0.338429835347965,-0.8333005409421405
-0.8738060912607777,-0.894361586822005,-0.9964382702605283,-1.0,0.6491979971334283,1.0,-0.2999001482753102
0.726884322203879,0.6303942606697088,-0.06578660389004742,0.8365171914559129,-0.2264671242511085,-1.0,5.164642536526965
-0.6582731177169014,-0.872023275642025,-0.7901002484745387,0.38785127988313955,1.0,0.34786787123953267,-0.6093240899710036
0.8020819652851353,-0.37593357229445423,0.5989444354583655,0.10521756222132789,0.3563919415823775,0.4049749674650102,-0.4877694375625965
-1.0,-1.0,0.03072487251730449,-0.16075874674148838,-0.9431301701085726,-0.16283078341991697,0.42084747832932545
-0.7878607801222683,-0.9933483861240123,-0.8612326136979529,-1.0,-1.0,-0.5829326893161899,1.034038381642599
0.32749324611644276,-0.8941201436983814,0.12569024618974833,-0.38022928478796414,1.0,0.8523613329909117,-0.27003735314052757
-1.0,-1.0,-1.0,-0.04751983333676968,-0.18088422582581332,0.8471867927868685,0.09198648997324682
-0.026656935056846853,0.5473600729696753,-0.7918303152995714,1.0,1.0,0.9469260260461037,5.2005312245333695
0.07667833348728503,-0.988334044757359,-1.0,0.686202526801236,-1.0,-0.699952357247058,-1.2112713303005767
-0.2968155966096848,-0.11955859192740315,-0.3868472225049632,-1.0,-0.2378684911075506,-0.7573239001508589,0.8434969702945146
-0.5697447070959087,-1.0,0.020732665857138843,-0.2446679173644743,0.10238443756791549,-1.0,5.418037701629534
-0.48616699185451784,0.04549657076660707,0.553500736430278,0.363787583937028,0.18666594545832904,0.6858415767769672,-0.2616501880301497
0.5699344977425926,-0.2543243186603873,0.19445683961727955,0.5452017575010708,-1.0,0.41230842873851403,2.8147864827423845
0.8249158942629844,0.061933928249926495,1.0,1.0,0.3640511933974415,1.0,-3.7413164173811313
-0.03973847364158156,0.48603336006246534,-0.2612870937895835,0.05419655279827401,-0.9297625436063217,-0.8548871640700376,-0.11379746264050766
1.0,0.660985928226886,-1.0,1.0,0.41734855821476124,0.3476628798292829,-1.1010980483825525
1.0,1.0,1.0,1.0,-0.5740766964214739,-0.37143810870816196,2.993256306268946
0.8663938664247107,1.0,1.0,0.18114862271267695,0.9254684261223783,-1.0,-3.9626401514972307
0.7714005254500699,1.0,0.37003063451206486,0.02581540902343027,-0.38499921448520313,-1.0,3.8998573970551593
1.0,0.423864777500808,-0.07294252442196758,1.0,-0.421489408569803,0.39765354702202316,2.1225455852089046
-0.3917903501573158,-1.0,-0.7035394908382233,-0.42301085886750905,-0.8234610030483807,-1.0,2.605132639912254
-0.47186407990937995,0.4900341026111212,-1.0,0.22447729855264958,1.0,0.3207922048449726,2.4364220957751694
-1.0,-0.9448541400482823,0.18729858345203376,0.0688443527779648,-1.0,-0.4608816116265957,-0.6336197269248254
-0.033677239586456964,0.03848665401204676,-0.26303677412117427,0.10589199735906185,-0.1577275812220531,0.243007771541021,0.17528281090878445
0.08436658991041046,1.0,0.26635760031375877,1.0,0.24381557741314341,-0.2914082506357967,-0.06619798311851244
0.9010067122813552,0.20716536619722817,0.318725642369151,-0.7491802558418486,-1.0,-0.06787222971983309,3.6697711040321974
0.7041704213800077,0.6328098617555347,0.27294649312783553,1.0,0.05788649564592985,-0.16553564540983634,0.28561258269919554
0.8329864695285599,1.0,1.0,0.9001306593169847,-0.15246390505217589,-0.6054932173919731,0.26669044617550824
-0.26651000571575467,0.637420230562509,-0.023360121995687266,-0.7583444636036363,0.5454052077540021,0.3963556917712475,1.2630658198338593
-1.0,0.19086638462293265,0.3697719969321065,-0.9628431920563858,-1.0,-0.3757615568311864,0.18661296613234268
-0.08677966730414921,-1.0,-1.0,-0.3735302239113043,-0.08803271064406237,-0.19081674137678878,-2.3300267858998374
-0.12101375675791767,0.024196944086876004,-0.3184163848339213,-0.8351692808272895,-0.2980559233842688,-1.0,1.899845163119617
0.38312179329829205,0.2512838110921173,-0.30120665247943035,0.7040276866079549,0.4701648581433956,-0.42813711663708726,-0.5036453470546831
-0.07352188388462694,-0.3449845646125197,0.22111254251002327,-1.0,-0.6578420217820378,-0.19274905230575293,1.286612900422752
-1.0,-0.4820641608270064,-0.4913357536240941,-0.025691227271939177,0.8118799037155151,1.0,5.8644754367341045
-0.6505738895453308,-0.28914012953321233,-0.7049270712984479,-1.0,0.6208692363993705,-0.10390531951016513,0.3475032802008399
0.34675503347038644,1.0,0.038640514335221865,1.0,-0.33654709046085984,0.18833326916432697,0.650504979788169
0.2837309312328653,1.0,0.8825901045594877,1.0,0.9695956704073122,-0.09198361028948099,-5.349476460954666
0.391825391422573,1.0,1.0,1.0,-1.0,0.3792326207898013,-0.9582647936505787
-0.41942561393242334,0.1543964854161125,-0.005938839005915131,0.011827641736830152,-0.7014035155331078,-0.21227156913249412,-0.3389389643085984
-0.4765239237172867,-0.30007717096174424,0.4569471723218933,-1.0,0.04387454229941079,0.014816327122770923,-0.6001061169406353
0.4475800452774751,-0.6225439665592993,1.0,0.10021338559530774,-1.0,-1.0,4.47649930209059
0.5440507618096259,0.5747852266281643,-0.17003223726102445,-0.3944061108884666,0.7581577972604533,-0.04334880410254027,-0.6155778026225779
-0.7639518560213331,-0.4090637396582157,1.0,0.05339915399922418,-0.08522202737317519,-0.9938589889168823,3.262046137059749
-0.6210680741073711,-0.8953949338471174,0.23936262067701908,0.6798029817255454,0.8753342245852922,-0.2566540348236539,1.1115858370109502
-1.0,-0.636693130827235,0.7385980007264084,-1.0,0.9743196200200429,1.0,-0.37873267936877886
0.9433449016439474,0.6379437368895111,0.8598303399226663,1.0,1.0,0.30411852096621195,-3.9692708605116938
1.0,0.9068906011137712,1.0,-0.03735637732410818,-0.4046953813128969,0.8008402300899528,-0.22289512643882448
-0.3133083122718277,0.06205930277908489,-0.3335338596805415,0.33518556702566354,1.0,0.8016738725092787,3.6325795294649423
-0.8703552285226864,-0.36157066003947946,0.9843712752244286,1.0,0.47235529576914925,-0.8303823429447379,0.755799522580408
-0.5837222194618589,0.803973519805044,0.45808558506171165,0.6414109344741209,-0.8304088904953416,0.945653834996115,-0.9396821082399395
-0.5190144903636997,-1.0,-1.0,-1.0,-0.2753848817237907,-0.11480989734126723,-4.131240561669481
0.07926597404628077,1.0,-0.09255999733691844,0.8886019687491942,-1.0,-0.14108825884466197,2.917207342081201
-1.0,-0.20643750389238735,-1.0,-0.8639863944537469,-1.0,0.2860991032875332,-1.6944995986986615
0.6187966734258621,0.4012338581712416,1.0,0.10942507530822176,0.09751217913541882,1.0,-1.4474266572759917
-0.9533997705500533,-1.0,-1.0,-0.046630436595921865,-0.5097721358253141,-0.9045970297493827,1.1987593182006577
0.791107971531255,-1.0,-0.7853241417543491,0.22323889933295116,1.0,0.6399350791345351,-4.071778168449298
-0.5881860526156071,-0.431794469991321,-0.47726414320405847,-0.7966019669229617,-0.09732043388141831,-1.0,2.8747645053656905
1.0,1.0,1.0,1.0,1.0,0.15631338188356736,-8.912377265078998
0.7845255521709498,1.0,1.0,1.0,1.0,0.2787236292071747,-8.341034206101709
1.0,1.0,1.0,0.6377463184963637,-1.0,-0.8408562891002809,5.066937803069613
-0.8002176548102751,-0.6090799819846602,0.24011070719283523,-1.0,-1.0,-0.9438933213956175,3.9395545462161055
-1.0,-0.3780741668066635,-0.33308961588330166,0.3012712209528009,0.508045371036218,1.0,3.746622392672047
-1.0,-0.0583366786292554,-1.0,-0.3301680169077301,-0.4840163820648853,-0.931238122442082,2.94051904006917
-0.360661325556787,-0.532399067904231,-0.8276016764499596,0.3242072715158528,0.01341211755970606,0.0799280546682985,-0.07515884118791866
1.0,1.0,1.0,1.0,-0.8679968469979378,-0.5531994714259306,5.143779517596935
-0.8174263825121526,-0.2914601885810636,-1.0,-0.46782394823948403,-0.16228020141434768,-0.061012969427893915,-0.9901060043603294
0.3841317164276535,0.8762880294224944,0.9475505023260045,-0.37086453317817525,0.2848934134407618,1.0,-0.9674149617620934
-0.7799887063239397,-0.44679931264717376,0.1587384693127113,-0.6442070058131125,1.0,0.964649897444285,4.537831608324783
1.0,1.0,0.6847507665570032,1.0,-0.7455239636305965,-1.0,9.503916938412038
-0.7534342435316058,-0.3262480734768972,-0.5667218109028955,-0.4790944407701093,-1.0,-0.7813251879778933,-0.26921031196472317
-1.0,-0.9072234345957586,-1.0,-1.0,0.840132364170316,-0.8782745590800272,1.0107940719755732
-1.0,-0.7211811239779432,0.9047729594831302,-0.3237278482943885,0.1027563797467767,1.0,-2.6117543712275806
-0.6201390306079461,-1.0,-0.9497533959272975,-0.29791417409545656,-0.784418402647376,-0.7101798489877806,-0.5892501439290929
-1.0,-0.3054960321013911,-0.8461040324931003,-0.7427794611811598,0.9192668615540496,1.0,5.375499706800292
1.0,1.0,0.07227987061392538,1.0,-0.46456059906128866,-0.039972644821313574,4.228380006534694
-1.0,-0.5439511754559276,-0.5675465564951516,-1.0,1.0,-1.0,7.6618812433633385
-0.0011229472960853082,-0.018516038344928043,-0.7389880802561791,-0.17612746798241025,0.7039364038855991,0.24442676611390146,-0.7073213301095292
-0.6783615162384835,-0.8803959474676908,-1.0,-0.8708767126491439,0.40610246564891544,-0.7853455928320647,0.9905915052500043
-1.0,-0.7621107772900064,-1.0,-0.2081905309572203,0.4194463324405282,1.0,4.728450932167797
-0.7172947775234396,-0.695331143392711,0.556247787912526,-0.9376549328891117,0.697949735353842,1.0,-1.3577228379245694
-1.0,-1.0,-0.8120300495431103,-1.0,-0.6306328495592586,-0.7211422099018807,-0.3469545977889338
-0.6156360028001591,-0.3259786235711868,-1.0,-1.0,0.6687241978755631,-0.1768259163000201,-0.35573357839435404
0.01977853477771857,-1.0,-0.8006318558076222,-0.013524209312219981,0.0698492783873409,-0.9344614155465301,1.4453341980586472
0.6150809015682581,0.6961581628489197,-0.05740233626077185,1.0,-0.7252887993498958,-0.9184183703250315,6.112895426346998
-0.7698464639307117,1.0,0.933456217774937,1.0,-0.06643949170589725,-0.25006282432493454,-4.350798943931986
-0.8898571941637761,0.49639126668422917,-0.14402883179661863,-0.4835507200750473,0.4469925296346441,1.0,4.203263805079761
1.0,0.5370027641617983,0.04775294363843774,-0.24567687189582288,1.0,0.06857554569330604,-2.42009821146958
1.0,0.6064667536409016,1.0,1.0,0.559485990677486,0.9522710648393153,-5.720724086268293
0.3567954489065148,-0.7601431428945603,1.0,0.5568000373832815,0.23938416604270274,0.7049579497768426,-1.3089349742107883
-1.0,-1.0,0.32391449840949216,-1.0,0.4748557983333269,0.34513896249511494,-1.2678960898622655
0.8490308195515704,-0.4905035701499624,-0.4414166918398862,0.27018753981666255,-0.5582291905216229,0.29294178763671463,1.6182110902286964
1.0,0.423407735610915,0.5592981716673742,1.0,0.22474454698787688,-0.9264457145086545,3.494320475974619
0.8828648074513781,0.7335297146240624,0.9124285130232791,1.0,-0.7447577259902317,1.0,0.7846276139442705
1.0,-0.5374800143052165,-0.9497984865163661,-1.0,-0.16353801239323573,0.20522470717478292,1.0059373089448227
0.24206193769818413,-0.9241114480019952,-0.971627614906593,-1.0,1.0,0.588181219984226,-5.362172708147453
0.7728089264793907,0.41072980939437964,-0.3886977999956348,0.3541211041504114,-0.458097108694689,-0.14887840223229185,0.7463205917044881
1.0,0.09744967061486465,0.3154964801478679,0.5753813232347889,0.7417330583849758,0.8913317335922892,-0.4131825906359892
-0.03478678293895565,0.10656798318517036,1.0,-0.5916894641916434,-0.5845298591295401,-0.2672783897083252,-0.16511436914892302
1.0,1.0,0.8319749142605319,0.8103188148438909,0.38124082287830346,-1.0,0.09553278467931237
0.6683667660858961,-0.2409084221341266,1.0,0.936242651108444,-0.5813298458829064,-1.0,3.694150056743593
1.0,1.0,-0.4978368593506616,0.9666375386169707,-0.7172011802227279,-1.0,9.052120496801345
1.0,0.8187241860558638,0.11259259115823911,-0.3316396365710652,1.0,0.4861679516539845,-1.2764327134765474
0.5227276697158916,0.6613488648339281,1.0,-0.7818150366126302,0.7149694561561133,0.45505123088785754,-1.1016431379391916
1.0,1.0,0.22308118033524593,0.76924563079386,-0.7567638274183439,-0.2886355756016319,3.9606346315921463
1.0,0.8622709080997568,0.5435797152790399,0.1196700646515807,-1.0,-0.4163239852039551,3.0878277739418616
1.0,0.69219840938641,1.0,0.7515860483403809,0.09243590977794602,1.0,-4.252502338926106
-0.9135685915851585,-1.0,-0.13577235489900197,-1.0,-1.0,-0.5646205796382555,4.964007751790243
1.0,1.0,1.0,1.0,-0.8711210476303749,-0.7755163572321198,6.502960758658603
0.6928846127828675,1.0,-0.3327137506774923,1.0,-0.24253991629112231,0.17983977181818672,2.781024769704753
1.0,0.930339483028747,1.0,1.0,0.9203936131531665,-1.0,-5.276293188253604
-0.6917848770397407,-0.014377978159541518,-0.8222626282372822,0.10030507999271016,-1.0,1.0,4.011501789060116
-0.4402302018400739,-1.0,-1.0,-0.37140833152006447,0.03777625606754553,-0.5814982243071022,-1.4619969247664646
-1.0,0.7033447073301937,-0.20527754588873842,-1.0,-0.44883635380273246,-0.5296014346751425,-1.9183855324802508
1.0,0.4923514685423643,-1.0,-1.0,1.0,0.27091826454868473,-1.211279272214532
-0.56318154820696,-0.1279983783118417,-1.0,-0.7563137844430003,-0.5636872100947757,0.10126673739846392,-1.9832697354294129
0.40679297814721704,1.0,-0.3608938129283848,1.0,0.8584655732157029,0.60760127477206,-0.45727697593238104
-0.2027969316454884,0.2229552063095201,-1.0,0.19089838021251002,0.8406333696524708,1.0,8.46399936795851
1.0,1.0,1.0,1.0,-0.8590639552788241,0.6215739196767753,2.484825093246104
-1.0,-0.720298535422799,-0.8476777072264343,1.0,1.0,0.12333469123402442,-3.0983668892936533
1.0,0.34283264063978525,0.25919483704989377,0.5546760845626191,0.7061953029452065,0.07965573317928686,-1.9895358823527751
0.8401984539419536,0.1741007578179381,1.0,1.0,0.8099886776151614,0.0036194205128354806,-3.300930310593544
-1.0,-1.0,0.3321743466415752,-0.1639209833378552,-1.0,-1.0,1.7237903642039196
0.08290253035526192,-1.0,-0.5265738140908982,-1.0,-0.03441000019475382,0.5919957412535292,-1.2655936683742905
-0.7335382543537694,0.5673210003536902,-0.27426714524938944,-1.0,0.6403539709733417,-0.9147166996952962,3.135221463181528
-0.8535111758477784,-0.43126162741809526,-0.5573347429634342,-0.044362525097330296,-1.0,-1.0,-0.06528573870560825
0.8388876448950957,0.24690378587940043,0.38648075082218114,1.0,-0.6421424004564003,1.0,4.541092618261404
0.02247669965911714,-0.8439848455984229,0.6312909925679204,-1.0,1.0,-0.8126340832080363,5.4781141754013385
0.9762435443987176,0.10642697886992758,0.004935767636668309,0.7724723855386175,0.8569161943197717,0.4420033032142494,-2.486623006688917
-0.3365106568963646,0.8403942699067981,0.22872151199853907,-0.23886634904649895,-0.1782619066665001,-0.6031412655453124,-0.18597289528053043
0.14935837172431282,0.7639540455006746,0.6736833723305392,0.8670744387111562,-1.0,-0.1435457150264592,0.3913247267255195
-0.30220460510799996,-1.0,-0.714591929758399,-1.0,-0.4411443876870209,-1.0,3.459175241316675
0.5620219864363265,0.6978899668646055,-0.1576942332464133,1.0,0.4191092749822522,-0.4337289686364222,0.6519771551065775
0.4015745508148647,1.0,1.0,1.0,0.3802685616100967,0.4900119842305367,-5.814742088586327
0.10215369779118655,0.9913301485412118,1.0,1.0,1.0,0.030896565000869902,-5.411650055202196
-0.662259388108841,-0.0067241617961599776,-0.6449689814232955,0.5159799764279418,1.0,0.41457514603441625,1.7069924818233084
-0.4751055092627934,-1.0,-1.0,-1.0,1.0,-0.1869580254722377,-5.109522965307697
-0.3450336324860751,0.3552736553714716,-1.0,-1.0,-0.34972889579672584,-0.455697937540102,-2.324058161665157
-0.6471307985023353,0.5592270767189185,-0.2401740438480326,-1.0,-1.0,-0.7859836035568502,-0.7203016702255634
-0.130805249229495,1.0,-0.6088578209789421,-0.7906353633802083,-1.0,-1.0,0.8026259303262985
-0.17565374938728096,-1.0,-0.3283650316721428,-0.14575623786409192,0.2533678178838725,0.6099359921361159,-0.5152531326409036
-0.693458897304058,-0.7796774207192236,-0.9496349951796157,-0.37683121321594004,0.2947587286777039,1.0,4.869151538481795
0.003982576415848538,0.2517851097190841,-1.0,-0.5962451403401658,-0.22573572162941996,1.0,6.975796732881535
-0.8556387103821359,-1.0,-1.0,-0.5756451949024913,1.0,1.0,0.9971423714329847
-0.14554928371827036,-0.15938858289135438,-0.12135848959995882,-1.0,-0.1955138912586457,0.5839963129362412,0.6719748946063391
-1.0,0.8680147270363534,0.4757054874127285,-0.9030415604857656,-0.9289768626401345,-1.0,-3.503689593895799
0.8524664752264266,0.76199911300311,1.0,-0.2791269292863819,0.46438161413068824,-0.17028682191060018,-2.6151799116327537
-0.6328283006303344,-1.0,-1.0,-1.0,-1.0,-0.9375195683402537,4.161088342802994
0.10702419328640045,0.5865262539931071,1.0,1.0,0.17116231187397377,-1.0,0.07858415009655778
-0.8730433143752898,-0.4109241112496895,-0.046545686785907536,-1.0,-1.0,-1.0,1.912737294436627
1.0,0.7249841806655466,-0.05229998668838226,-0.7531987483188785,-1.0,0.1261259347103041,5.694331611170384
-0.6902727176980332,-0.6820656383433557,-1.0,-0.4917800965111643,-0.6247433211609047,-1.0,3.92046428084216
0.3408193954613725,-1.0,-0.4130769103847479,-0.016761756257587523,0.48855766410481366,0.027072843631674615,-1.0117595943251845
0.07466381164923397,-0.5357072468490087,1.0,0.1450958961637071,-0.8404363398820306,0.8608918335454171,-2.5421271634180735
1.0,1.0,0.56881943824757,1.0,-0.39870722259659785,-0.005165773789875816,1.2120167912834892
-0.9566538568890917,-0.9478759486778476,0.22297642160436992,-0.2924713721221925,-0.4227835987633648,-0.1335593289192738,0.4361301992387976
-1.0,-1.0,-0.7887779739410908,0.17831900353668728,0.05707686415219171,0.6677700817326844,-2.0793392063889886
-0.75852885518498,-1.0,-0.8799759608385935,-1.0,0.006538422942359609,-0.368942390589088,-4.090937394290731
1.0,1.0,1.0,0.8143880761862704,-0.03170489711298108,0.33136718072314897,-2.822354779375715
-1.0,-0.32668071183300607,-0.6826625906558437,-1.0,-0.7650927077741436,-0.17794603201288828,-0.896436201426325
0.8503578825105813,0.9032005335677347,1.0,0.15542851355363707,-1.0,0.4275329133910799,-0.45883716685649956
1.0,0.04073118610857507,-0.3315059755069363,-0.20428278670972697,-0.5871658432989922,0.9416999626377759,4.889612828043451
1.0,1.0,1.0,0.11038827477410029,0.5479798173351274,0.5728272628689991,-4.790004053688652
0.29199555130237587,0.9376147167456023,-1.0,-0.11910502652636923,0.29801457834694284,-1.0,2.812487265323107
0.40846210952950335,-1.0,0.4673523904398614,-0.26895145881469956,1.0,0.6476196442658317,-1.8262326879930988
-0.36938434589480607,-0.9828160846363605,-1.0,-1.0,-1.0,-1.0,5.711238111369102
0.05952676166370163,1.0,1.0,1.0,1.0,0.3960629272001024,-7.518249990445638
1.0,1.0,0.16726838749478767,0.23588875811603693,0.03105331469300332,-0.5623901732209958,0.810942617891589
-0.7348538065121213,-0.9522537509881935,0.09180779619375266,-0.11765184822908789,-0.5041269766072729,-0.7382789753413945,1.5810361658599184
-0.1524020563501608,-0.429488756627421,-0.6007242439557305,-1.0,1.0,-0.2653381232155497,0.7941133266517387
0.1703503427526626,0.5644866208328527,1.0,0.623628115502388,-0.6417861062490737,0.776879504802572,-1.2755068682284123
-0.8621888944298799,-0.6292411844997352,-0.3544779845509274,-0.30044844683959937,0.8783816182127325,1.0,3.9846891047472
-0.7139710037470017,-0.29911089957158,0.06987559977067692,-0.5466704874924362,-1.0,1.0,1.7395082489111382
-0.3973576988333489,-1.0,-0.5283739772919015,-1.0,0.5675538899476327,-0.3223281648281653,-1.404174448054656
-1.0,-0.41060805265489286,-0.08393191787712184,-1.0,-0.41251188885509954,0.04338272208344107,-0.500263298997411
-0.14197193196495114,0.9258414127039393,-0.1477908282172588,-1.0,-0.15486162602872694,-0.7115753183366006,-0.9028927184211359
-1.0,0.219695454093038,0.18453695479033216,0.046497433919518244,0.5933379921146342,-0.23311732482258984,0.8435669624071276
-0.5719974416221886,-0.7858283310941541,-0.6566171965125437,0.07938295003452384,0.05106104161269817,-0.40926068716763314,-1.1436895289777003
-0.29438747949816907,-0.5486868792831432,-0.26195464813943614,-0.9493258229496502,-0.11651496129407468,0.33697860528496704,0.011874450840038464
-0.49456452184480226,0.02194478604360664,0.6452699602686843,0.7807272319829467,1.0,0.7156820833486599,1.3677098559782415
-0.05206151033127571,0.054900203631299105,-0.17270914801540704,-0.7345238053815137,0.016143129215972885,0.7583029693202611,1.5506399993954267
0.07526660283130605,0.5162145723170963,-0.26109202959099365,-0.24006161381778768,0.23917069547814301,-0.5563834087838313,0.05258040467237303
1.0,0.5660435101959815,-1.0,1.0,-1.0,-1.0,6.751583547761241
-0.2688688335838574,-0.17584941911052115,0.1864242747846957,-0.3849932169678299,-0.8647687271536998,-0.9188865361653208,1.1185667867986342
-0.19419395409387796,-1.0,0.4308087832225879,-1.0,1.0,1.0,1.0042108300646624
-1.0,-0.7210766722565143,-1.0,-1.0,1.0,1.0,2.9171442556993274
-0.522950428223113,-0.9290172622154869,-1.0,-0.7941256107684456,0.29513206564427574,1.0,1.136434283492976
0.009627541189321853,-0.3242024087756178,0.1777743147257133,0.32481318342292226,0.6483726569783157,-0.7604452892184501,0.7895622042334227
0.6963703947826869,-0.25931959253490394,0.9342041031231609,1.0,-1.0,-0.15854493960986926,2.6117760702221213
1.0,1.0,0.5583364587953044,0.7983985355563352,-0.4067484711975494,0.04969564552244542,0.9140093267359611
0.4623820636667324,1.0,1.0,0.061841583356999186,-1.0,-1.0,-1.0245335285305412
1.0,0.7733215352458539,1.0,0.11576490154958696,-1.0,-0.40143086949504997,3.6476176298849827
0.5623506773186253,0.5966124018903534,0.7371371324557021,-1.0,0.2846122235445032,0.3128410167423248,-1.3330480911649236
-0.1270958066552188,0.3313218646309734,-0.7280002311473134,-0.9545006156693423,-0.09788499763731864,0.5114323626413563,1.0728442596438867
1.0,0.28278294584303554,0.5015580392964516,0.3899885473875946,-0.6484807484758921,-0.549432515175534,2.7117821298565596
-0.33420394484366434,-0.34102791150838996,0.03287239076572096,0.12135521957833595,-0.78215244263259,1.0,1.5642394918559277
0.3613222012516246,-1.0,-0.3987730435716061,-1.0,-0.12818680758237466,-0.4996716521716804,2.684106093773016
0.27571233051465294,0.3107496517553181,0.547917394502508,0.6929987340019187,-0.9020798066376727,-0.7287948156971298,2.3826822094821
0.5183956905093501,0.5153174719575833,1.0,0.6272665314759744,0.14315132926309893,0.33213898511073736,-2.071471226914367
0.9821451486318749,0.5205433102932857,0.19413222691393034,0.09916131046662757,-0.47475028701605626,-0.9772178816241751,4.919595705176936
1.0,1.0,0.09468297375952173,0.8998019130817612,1.0,0.6317837316834067,-2.9753281170926695
-0.031022511419831034,0.4394536242320697,-0.061023583323539465,-0.7140455734111669,0.2376706997693545,0.283846242788091,0.8414952148364017
0.196878547636629,0.3531597164244097,0.7982177925460064,0.066134550320819,1.0,1.0,0.7238206799251397
-1.0,-1.0,-1.0,-0.782473426106183,0.09733021226341632,-0.8304981103720022,0.33806675126502767
1.0,0.11565502254226123,-0.03941773730113829,0.5865161330054162,0.46976477646546255,-0.4569207644715334,-0.3057725638711813
-0.21858482300821352,-0.4884237359118855,-0.16102166314084604,0.11844171560568734,0.9300599121532551,-1.0,2.99885457733382
0.7646641646167811,0.750405121462165,0.22628578657068377,0.17360696740878012,-0.19997026779084395,-0.08345727175618103,-0.020026154007983826
0.16236564489062122,0.37118019877618713,-0.32858713074027557,0.13721768694738878,-1.0,-1.0,1.301898520103662
-0.5354100287333989,0.4731167880948481,0.2093127610860774,-0.4824249212743044,-1.0,-1.0,-2.2782462703602424
0.5384501861972684,1.0,-0.6290742491831514,0.7859357777639063,-1.0,-1.0,7.230094398701236
-1.0,-0.4211859629141843,-0.5807116357879527,-0.8373952104119673,0.11940828352797322,-0.5712645875395704,0.7163379225165192
0.07642179000576554,1.0,1.0,1.0,0.2942439991663635,0.323772980007686,-5.526699791327497
-0.028792687459825328,0.1896759718764876,-0.3472778523573947,0.39311853940375907,0.6229414447494526,0.9177183871153727,3.9446193250771238
0.03577145174798113,0.9260042271327029,0.9360679890115534,-0.6765595622598901,-0.04445133889249181,-1.0,-2.036876665066333
1.0,1.0,-0.6057521014362366,0.3649852565916377,1.0,-0.0002836355870269036,-0.7858939939621343
1.0,1.0,1.0,0.25562105756073805,-0.319939391149354,-0.3142915423084712,-0.5137599795278249
-0.878284780860323,0.38736101062740724,0.47942886123467454,1.0,0.859637923567443,1.0,3.982016837357177
-0.8653334786732176,0.2736016789573812,1.0,0.5292977348494212,0.6376503184751242,0.4121356369718061,-1.2323957803475707
-1.0,0.9407153577010274,-0.9685102329640587,-0.4603846474951985,-1.0,-1.0,1.6461897351319896
-0.31643487163948936,-1.0,-1.0,0.7587121904180354,1.0,-1.0,-2.242219488026273
0.05982313054179372,0.07050651345972386,-0.9932186327959338,-0.43635625058031186,0.4808673295303364,-1.0,1.9571891136036312
0.6689918693169883,1.0,0.4963313860218843,1.0,1.0,1.0,-1.4416152705733103
1.0,0.019610724179928263,1.0,0.5238853914905587,-0.8020880623777256,-0.44356752225341,5.345633979712754
1.0,0.7312200038744521,1.0,1.0,-1.0,-0.9543446169881398,7.716763972608557
-0.9145004302680626,-1.0,0.1735196263652887,-1.0,0.42424495032158577,0.7478438688517656,-2.9617792051480896
-0.46886231909499687,0.8730566032459866,0.07775883821218557,-0.1317846134941945,0.1264883268479866,-0.6639347871459997,0.5627699172432161
-0.12162270866466529,-0.5491282677747309,-1.0,-0.6695630728591069,-0.29670275033659554,-1.0,4.1867969701818994
1.0,1.0,0.41443562761998365,0.7793042984188718,0.44640151548872664,0.032498765970148225,-1.7108764249938238
-0.8984371125158871,-0.04079956619299138,-1.0,-1.0,0.19544739631448027,0.6905761608838015,1.3130840070069187
-0.7195546388843129,0.8528378436559892,1.0,-0.07258871625111724,1.0,0.9767250102575114,0.015247952571027179
-1.0,-1.0,0.9955890308072028,-0.03455956214856004,0.49304306126648434,0.7566428961200082,1.2432266380648382
-0.8816934232172202,-0.20413941608994945,-1.0,-1.0,1.0,0.44988130161256634,1.0444574720402637
-1.0,-0.9866086444444977,-0.347498823757451,-1.0,0.9385307514129283,-0.7816386770023331,5.012862457016576
-1.0,-0.15886538069587164,-0.7782040435094567,-0.7833391329490222,-0.1604992823325344,-1.0,4.458068407002258
-0.81806382357047,-1.0,0.11878832969764058,-0.29899617929739164,-0.18893566880031876,-0.641166681835842,2.3825882758416985
-1.0,-1.0,-0.7398606744384084,-1.0,0.24196697642289888,-0.09014111810508935,-4.695222633232763
-0.2242716825161717,-1.0,-1.0,-0.1891375380397866,1.0,0.828218244597539,1.6609409238039947
-0.025802150531312185,-0.9679274802515516,-0.1413977705343653,-1.0,0.20740549507771877,1.0,-0.2340348425086754
-1.0,-0.7652240742018681,-1.0,0.07959862064023826,0.31328436897222656,-0.907224040684447,2.921474276107726
1.0,1.0,0.5811418279907796,0.6318461568768505,0.4734283299919777,-0.34486207000924485,-1.5628575493945092
0.32499134505283256,-0.13379319535462808,1.0,1.0,0.9353032919421276,1.0,-1.3401096517613436
-0.10055218670565341,0.6042208278536542,0.8771712837753665,1.0,-0.9562750441674348,-0.2657606213106769,-0.320182029985656
0.4515167521761847,-1.0,-0.8474510732049565,-0.36386221896352433,-0.06333394535431622,1.0,1.236567223457452
-0.43437006648301735,-1.0,-1.0,-0.6341508055326757,1.0,1.0,2.7433406797145476
0.2129552712989331,-0.19792562945614356,1.0,0.9118669119653817,1.0,1.0,-1.034438966543988
-0.782006147309634,0.5172223252477746,-1.0,-0.0981860398934251,0.7191646608484122,1.0,11.007800431152342
0.5840723907315559,1.0,-0.20559042946701228,1.0,-0.7463577338015513,-0.14676755402402397,3.7455844613194578
1.0,1.0,0.25793460378026756,-0.13237481173319832,0.09339648827762909,0.6779206714671793,-0.26002224217239067
0.11613818669245932,-0.315805633490237,0.2799467026965781,0.08214722304908473,1.0,-0.7524164022954541,0.969789203958024
-0.8366905403514254,0.9575041897388825,-1.0,0.06859255896757771,0.00883922099508494,-1.0,7.878964926721555
-0.9253704109851713,1.0,1.0,1.0,-1.0,-1.0,-0.9722699623591317
-1.0,-1.0,0.028371751232359993,-0.4734192474035552,-0.11188675807072412,0.9805179384235674,-0.4642328266027618
-0.4591148032815249,-0.044363707011416675,-1.0,1.0,0.7725849607387926,0.029673594785667112,0.36791284767686816
-0.6905326144666935,0.7212854059542411,0.8445409609209031,1.0,1.0,0.9179642898659696,-0.8253451328186567
-0.867951123813816,0.10216491957193519,-0.24312860343811482,-0.3782815708659998,1.0,-0.8757562869608522,4.764915481741223
1.0,1.0,1.0,0.047906361606382175,0.268270889221052,1.0,-4.953656920233957
0.7692020168221183,0.36326549052119095,-0.5776550512621239,1.0,-0.38272766563423954,-0.34428789715436514,1.2418260242446124
1.0,0.19862928217627673,-0.391183855777847,-0.08717902459627835,1.0,1.0,-0.554046312716954
0.05950193413057685,0.11381305101869277,0.019376598109024257,-0.7646307190245758,0.1295655116498689,1.0,3.879109419245645
0.38963596944384826,0.04638033504537026,-0.4659398925425251,0.5238690591628157,-0.22557775824094306,0.7822251894816238,2.4337111869527708
0.28401746935971117,-0.8857947746756731,-1.0,0.8312191934087816,-0.814422794474216,0.8611669920675821,4.173854726807169
1.0,0.7350338958783706,1.0,0.7786932077373234,0.31765642612137424,-1.0,0.46397013508839585
0.4600202259429509,0.13468658897965752,0.4090903197254151,-0.8798156815367495,-0.5552819832883538,-0.1860629000136284,1.0454677165747808
0.2974764314202465,0.2143595645020664,0.8408752552302232,1.0,0.7818518936049794,-0.8935822320599478,-0.6331160580951769
0.4624411997694621,0.3493988900423332,0.004576167778038875,0.5569322066767982,1.0,0.5478692413698443,0.4529725630053597
0.9907244377918611,0.790945584680204,1.0,1.0,-0.4018988193149954,-0.0555924105509209,0.6441769554585319
-0.4279412536367345,0.3338367625209306,1.0,0.4360401699427111,-1.0,-0.2616014262745314,-2.465583148072053
1.0,1.0,-0.33525980132241,1.0,0.9040391997425234,0.9563030399731509,-0.030137995731861045
1.0,1.0,1.0,0.7241289206558869,1.0,1.0,-8.470257909290407
1.0,1.0,-0.7054912483351852,0.5968485886246703,1.0,0.5672266755681366,-1.0283781435466801
-0.17380308209202933,-1.0,-0.3592349794098293,-1.0,-1.0,-0.2602130291236603,4.871058013030492
0.566864310766767,0.2729705760067793,0.8304134012134754,0.0410213534977657,-0.28231074651861787,0.2948877663306477,-0.06813993858921813
-1.0,-0.5720082300073948,-1.0,-1.0,-0.5257209646095562,-1.0,4.50226695498936
0.7861571575121057,0.4598703457987685,-0.14256003504418713,0.5442682057119618,-1.0,-1.0,5.335672713683008
1.0,0.43039758052892974,0.5296037656146,-0.298797947610116,-0.21328037404899947,-0.6052112485047765,2.868904430339231
0.946344304606412,1.0,1.0,1.0,0.009926455585703264,0.6836398126438397,-4.552813867096795
-0.29506317162283907,-1.0,-1.0,-1.0,-0.2763268177538545,0.084983966715371,-4.116180971581279
1.0,0.4193088778760432,0.7074995380600839,-0.4843928179899956,-0.3120787260412409,0.8181115030624806,1.771989114976246
0.9625202169056801,0.4655115006179622,0.8166453772311248,1.0,-0.4890748499393469,0.9375818418761369,0.5797276476895431
0.31549831316029486,0.0956554740508675,0.12379549596361239,0.9184768741617731,-0.6953383932799526,0.7281613539325452,2.6221030358564645
-0.08992579551809443,0.010372983236458522,-1.0,-0.8119999178358773,0.9975104735805962,-0.7166397987258404,0.3589169514747521
-0.10017720403155961,0.5004885803894902,-0.3194002692549386,0.5397522373975233,-0.36936996956481016,-1.0,3.6474315208880883
-0.3438701095060772,-1.0,-0.433916344914722,-0.49922297719161574,1.0,0.47398099223071644,-0.6572354967557883
0.03241247278076964,-0.284567576285667,-1.0,1.0,1.0,0.45179678201376966,-0.4404201691616623
-1.0,-0.7078533261711606,-1.0,-1.0,0.3067685784217732,-0.8754588003966258,2.296328408774827
-0.2611393117392154,-0.05781004355604796,0.9408160799044041,-1.0,-0.15106493837039647,-0.9590581935672742,1.373132755092928
0.01734279240323272,1.0,0.35337146113448903,-0.9701039306566497,0.40713936828853936,1.0,4.34081464914381
-1.0,-0.8681780630875615,-1.0,0.2519610759547295,-0.2754519091714109,0.09151829632101009,-3.3133159947176005
0.20199806042818064,-0.5883615029105107,0.3290678553443109,-0.1228002124622937,0.7897643268336698,-0.8281453871090156,2.211523554534692
1.0,0.6995970968421797,0.2470300794203606,-0.49339565455876233,-1.0,-1.0,5.766218296186361
-0.3676051434617006,-0.49331900292677766,0.8461015331393301,-0.5807312908494111,-0.18171645850774265,-1.0,3.0616017492224956
1.0,-0.20148722970204241,-0.08780730487994937,1.0,-0.6030476730832893,-0.26229456948859503,2.2653306386959335
-0.44497145656573,-0.20721209193088835,-0.9832724356581419,0.8415493234338608,-0.8799942652717385,0.15765180160584424,-2.5666013778684924
0.46947986270168607,-1.0,-0.25530720073378665,0.6680500158069409,0.43072540772325474,1.0,2.238385784921511
-0.1432433581867501,-0.08901309616860406,0.17707602229961344,0.6218659947698788,-1.0,-1.0,2.536141070158138
-0.1357074882363028,0.8702799583926197,0.6005138174813421,0.7648921600646527,-0.2800295254129218,-0.10703719397718081,-0.9528802305861545
0.36190638564237654,1.0,1.0,0.5542140942312572,-0.3414930130830226,-0.9694064816678983,0.5402264011396818
0.4211134502525994,-0.38347006896264535,-0.11374268076487903,-0.4926146925906545,-0.8980608957279347,0.7517489608981545,3.1107325094061116
-0.0066494656365465865,-0.6146560734742437,1.0,-0.20319501443958204,0.02187690017284427,0.7264823322256282,-0.7041149782993913
-0.8631171784671756,0.6979587613288831,1.0,1.0,0.6681195805827163,0.4578446805394861,-4.992145794002877
1.0,0.5289185856593508,0.9300639094449221,1.0,0.8887871532160605,1.0,-6.703153771658648
0.0033134459764360136,-0.4891874039761068,0.34162617600304657,-1.0,0.7842352874836105,1.0,1.166423257872916
0.04480557789302808,-1.0,-1.0,-0.8271612788092921,0.3841969956271306,1.0,-0.7919721799643007
0.0024338381939479903,-0.849436017965674,-1.0,-0.3351857456716375,0.006595534911773046,-1.0,2.2295510805183536
-1.0,-1.0,-0.6926441546731787,-1.0,1.0,0.626402540099638,-2.52476537891074
-0.5461892502816628,0.5227500346334767,1.0,0.7209120857545479,0.48718405873506265,-0.20897984522403143,-1.4046674235108858
0.5284013006665325,1.0,-0.044601407560455816,0.108246564421004,0.007174068502230901,0.31281681623762925,-0.10617771570114765
0.7773401980443104,0.15136609433757242,0.8818678380990765,0.5426006847943843,1.0,0.0677247278733934,-3.3744322461241145
-0.46751767731853466,-0.6359111310518739,-1.0,-1.0,-0.9251011259731581,-0.11629390452145305,-0.5048563165756126
0.04174006917887252,-0.23397308688830665,-1.0,0.590420598494037,1.0,0.4676150868488449,0.5885173201915563
-1.0,-1.0,-0.43733171865818776,-0.04812124671768325,0.5719109692229685,-0.5592707202917935,2.4147526526582803
-0.3933930318609855,-0.650517274929173,1.0,0.5249278083229769,-0.994861994560182,-0.19004179547518923,-0.8659305030720926
-0.5766572962394955,-0.4319891148585402,0.6892744057665794,-0.9662108755101261,1.0,-0.5627442223504738,4.0725727353384045
0.9183819905906381,1.0,0.23820533720202605,-0.7358331953694944,0.441558968023441,0.48572015909687133,-0.550630476330013
-1.0,-1.0,-0.5979861191112401,-1.0,-0.7248554260226896,1.0,-1.0943620824228626
0.06927495253905441,0.9087684685820107,-0.006011066624755604,-0.52214635206133,-0.07385537056931624,0.853624548288156,3.7424377758977774
-0.9479514274936177,1.0,-0.23917311762573207,-0.16323854308243435,-0.28527307033858557,-0.21280946369250409,-0.10457655389408747
0.42030615852462183,0.7554705894008731,-0.9465006083677363,-0.9374575603977753,0.0826556003284944,-0.15259265863954347,-0.43835561826905645
1.0,0.9002651497161271,0.24159279410003554,0.8260318369373487,-0.0650984894756731,-0.39747345665219513,1.15939831767577
-0.2618106962790788,-0.7719820103885549,-0.21875530443567892,-0.1096040388025058,-0.7470914575100073,-0.4112932052463538,0.17857424788619333
1.0,1.0,1.0,1.0,0.9224470713757329,-0.24296954054289954,-7.312188293626559
-0.23697780183824635,-0.44417455177310927,-0.8597384380839288,-1.0,-0.9642538445384511,-0.4269431612356157,0.864804935907764
1.0,0.608142562575443,0.9597097051917143,0.7451298371790351,-0.5200294370358989,-0.153592019199964,2.741848175869708
-0.8239877351904249,0.1499039478524646,-0.43954326664744603,0.7402960778497263,-0.04491578879358765,-0.546150693957459,1.2312003937751788
-0.7077554841340952,-1.0,-0.2539855809665292,-1.0,-0.054688108968382,1.0,-0.7878162078453554
0.5019935977469354,0.9900608303128398,0.4849366549442622,0.14387499238423085,1.0,0.5787253470801896,-1.1595826068060286
-0.8157560357238001,-0.7792495759859155,-0.5738823517577532,-0.6700111341276278,0.9461868542849662,-0.2509716168869276,0.4466657482718591
-0.40069641301993864,0.706276151716208,0.9391361387163482,-1.0,-1.0,0.6989413556777726,-0.5846689041019064
-1.0,-0.44722557541346863,-0.7919058176962567,0.09060028841193402,-0.09056266791984657,-1.0,4.4544959274751665
-0.4623466490800517,-0.6241301732653085,0.6523555354236802,0.02019776145228304,0.2442377870370085,-0.2053129363215484,0.7465044380830493
1.0,0.11644751277938567,0.3521846776054832,-0.8751154921412057,-0.6027589359327643,-0.100673122988863,2.2470526401214004
1.0,1.0,-0.31266585736817054,0.8234829795819376,0.3811877051722858,0.3957319264513191,-0.5197995550788184
0.011457526387528144,-1.0,-0.18833367841640014,-0.6197802711775926,0.045044681751716054,1.0,0.7404052221662387
0.5297040130741049,0.37427623376968766,0.003253921115333791,0.11471190383976576,0.20263037603293726,1.0,2.749254964226394
-0.4456892166840909,-1.0,-0.3871667717699616,0.2575670816100868,-1.0,-0.6096224826784586,-0.3322315404522477
-0.004007632640554676,-0.39256037251383596,0.7557402723509317,0.6052343469025007,0.22675837040485058,0.40547776167794175,-0.44933988140484304
-1.0,-1.0,-1.0,-0.351145684722282,0.1056618275097928,-0.7454321866485877,0.511050974353778
-0.6135377235160854,0.749229144867616,-0.7417379350093575,-1.0,0.08935060876471579,0.2047597260265105,0.6118541788751681
-0.22975919899902725,0.28376254567673864,0.2626376926055983,-0.7426918741234287,1.0,0.423435674164564,2.250990953597495
-0.21674809819880353,0.09930798857809647,0.4651300795111808,0.626548820180259,-1.0,0.7951042621195866,0.8406817786709387
-1.0,0.2613291095837624,0.4158102950838672,1.0,0.7018884903945138,-0.525229267668262,2.206720934215576
-0.23730330994024595,-0.9885703917292594,-1.0,-1.0,-0.5741134539670601,-1.0,3.9494670717773603
0.37563972409125357,0.8215860566290163,-0.6009302288997036,-0.13473906668512226,0.763655063283293,1.0,5.655981013313693
0.29729333750122877,0.7376951575169302,-0.20741604826613524,1.0,-0.3265279454817588,0.35813495120707006,1.670067260600026
-1.0,-1.0,-0.9064246622667834,-1.0,-1.0,-0.04532214179863309,-1.8865851135124991
0.3586500876517795,0.4822095723297141,0.17908279908859548,0.5041559350955114,-0.3441997613759329,-1.0,3.2475953507470954
-0.22789992456864586,-0.7544646282717367,0.5155680798026705,0.4028211156559214,-1.0,-0.4406220632192097,1.5022816044278402
-1.0,-0.4541502492216307,-0.11711611682352496,-1.0,-0.9766438923796474,-0.8476095284619622,2.0333559263318324
0.5833536031590267,0.3521573421850001,-0.9399134329200642,-0.25549246871662806,-0.7329141237574874,-0.35368068456676094,1.1466720225074436
1.0,1.0,1.0,0.4599481640800751,1.0,-0.4262129637654722,-4.504510498845386
0.5150961094477278,0.6936283871440687,0.31342785970688575,-0.03715458647377215,0.6850421600228087,0.7509358839497777,0.26797218862106165
-1.0,-1.0,-0.9938799679419734,-0.6912662196584076,0.4256601848879209,0.26475568570921726,-5.735502408599056
-1.0,-0.4415164992722589,-0.3123019954393861,-1.0,0.39362254614614045,0.7878186135846097,-0.09459159279362206
1.0,-0.07458802097078188,1.0,-0.2291572354171706,0.27461345400469006,1.0,-2.988172388337449
-0.04242506369229396,-1.0,-1.0,0.26254553410355785,0.415472421035905,1.0,3.5278291231625416
0.3781839294736094,-0.013137612242622165,-0.06105307729806653,0.0929298023366325,1.0,0.9523944375806532,1.871475083740079
1.0,0.6979639827635294,-0.4234469625976741,0.5246754624977684,-1.0,-0.5321665720928435,4.880516482527277
0.6412230998976594,0.8478780850451004,-0.12429409600426841,-0.21846622825044948,-1.0,-0.3720425838527004,1.920269920305394
-1.0,-0.046586559446737175,-1.0,-0.8482460717562015,-0.1785322666799234,0.6522295152448816,2.1464784788703
-0.5063448737382434,-0.5547296551102092,-0.5623212087835758,-1.0,-0.20304604049310843,1.0,2.012302402527468
-1.0,1.0,0.6118519743548788,-0.5545815587992011,-1.0,-0.897564669939133,-4.267251655171555
1.0,0.8996298981016166,0.1176974054307558,0.732673597068402,0.10955855183032534,0.017188938501340068,-0.1255495022588936
-1.0,-1.0,-1.0,-0.03233098705855672,0.7662285215037539,1.0,3.8514850871494906
1.0,0.2450535520146665,-0.08926295632163231,0.8752103916822435,-0.2707029001637369,-0.8024855879180941,3.31418315226124
0.9184396409651077,1.0,1.0,0.9674148116366637,1.0,0.5033772711775291,-8.876274261028394
-0.29996915150706677,-0.6576109165373709,-0.7764689707926258,0.0336126417971791,1.0,0.2688991901056843,-0.34459241581807604
-0.44165991941324867,-0.18139205400263791,-0.52414669173658,0.5828518484241101,0.9091325400980133,0.707089125048052,4.326908784896217
1.0,-0.28757733641417343,0.6114845252282513,-0.8116143952133703,-0.546434513735837,-0.6785453160710031,4.797698928100911
1.0,0.8280952807167428,1.0,1.0,-0.4489825420278748,-0.49332936368113695,3.0086992903930585
1.0,1.0,1.0,-0.43849356205856865,0.051824955674219284,0.383682415869098,-2.9485473744100164
0.018749541290049576,1.0,0.8121249372908506,0.3029786549166331,1.0,0.3751358498758033,-1.7025913378530508
0.05496861065599634,0.4158489793468121,0.20721388816248354,1.0,-0.2001355208962855,1.0,1.379033237817968
0.27790290312379945,0.5928521519518593,0.3973266668844907,0.8457176479239874,1.0,0.8206674043159652,0.42093512349057594
-0.23526850125136178,0.9061969975580803,1.0,-0.25566637257667696,0.2032695845165151,1.0,-1.3109055527901021
0.4825974555614627,0.11783367802836896,0.3153358346143982,0.6044581664887018,0.607553177125604,1.0,1.6810506368990392
0.3059453228289397,0.2153393513763553,0.8253670245253182,0.30797013344660495,0.4145555850181283,-0.9210222630897625,0.8706354398493267
-0.1542668003491674,-0.35444304453765374,-0.7153747387854361,0.18312699963440426,-0.04394828666997255,0.7975953811991383,2.891032493486155
-0.27473190113333246,-1.0,-1.0,-0.30548407188437476,-0.37572708065653104,0.3717191895181464,-2.427972359858875
0.14191546254811316,-0.44078940912037146,0.6587436819076055,0.8798837383160802,1.0,0.9755238465440911,1.5711362703532241
0.8278355932469696,-0.5608766544012094,-0.4819019020233976,-0.6980664339166971,-0.3955883650851929,0.3082230621869897,0.982611847573968
1.0,1.0,0.8482086417897763,0.888791093787181,-0.5611834640541982,0.1412587897177185,0.7243865517789625
0.5518764029752048,1.0,1.0,0.9899540636967361,0.10429154015171915,0.05327905538267158,-3.910987059082976
0.0042220557492411714,0.9847995922338109,0.3658483261247618,1.0,0.43764682827491835,-0.8993649248467686,0.9866916097335716
-0.679527574301684,-1.0,-0.14719108895861888,0.1664939513204411,-0.5662577995219062,-0.426645374769758,-0.7252569194052079
-1.0,-0.7068066169824962,-0.3268398174485556,-0.2273008321683554,-0.824628674115561,-1.0,0.7455700253282569
-0.20383615964934543,-1.0,0.3110796806548095,-0.051870223983535343,-0.8150596356962811,-0.09220229060187668,1.3533333347020857
0.5587334131886492,0.11873781374784298,0.9077980898820908,1.0,-1.0,-0.6866492486709869,3.2217706299863886
-0.5202012014847162,-0.5377288254008682,-0.5319988382109182,-1.0,-0.4566396023404776,-0.12836183519826094,-0.9318404639108733
-0.42315608422436735,-0.7394783843271953,-1.0,-0.41577326659166414,1.0,-0.38304286396073334,-0.1914644959018128
-0.2887186939043359,-0.8952181918884203,-1.0,-0.22018054291781008,0.4804129593762073,-0.6660434045570145,-0.013092219653942527
-0.5876193383512277,-0.519414771347892,0.4125637478022779,0.8485203104849668,-0.07777859959116094,0.04609094722876639,-0.04493549643935252
-1.0,-1.0,-0.2766400676446853,0.574290807378673,0.48023113650975363,0.4701690909393135,-0.708034931899031
0.5589849917116332,0.3797480064238785,0.24695936806501262,1.0,1.0,0.27932433691178676,-0.8745728711741532
-1.0,-0.8000934506150579,-0.2512712241548153,-1.0,-1.0,-0.042049864491968014,0.9387883581492545
-1.0,0.2224266380560515,0.14964320702611056,-0.4562143385119395,-0.1746320299426718,0.9700269418256982,-0.02235991419510258
0.052763580066038984,-0.915661509595465,1.0,-0.6536689406322729,1.0,0.670485785925389,-2.2734456992483176
1.0,-0.46314298436078,-1.0,-0.26792935684789687,-0.026592636216685617,-1.0,3.1234853641987064
-0.9665944254223531,-0.9872923890733425,-1.0,-1.0,1.0,1.0,-0.17634278102415224
0.8706363201652867,-0.3013531923453253,-0.17321945285238005,0.5305659822704114,0.7022560954044671,0.43350635542565735,-1.7882311461539546
-0.0896591097701169,-0.7271374949154902,-0.4002875487767978,0.5772454207692508,0.30640369117501565,1.0,2.653532267118508
-0.7172026877461533,0.15070614416271666,-0.3594372590028317,0.21483790039637518,0.10177457831407599,-0.9903507920449967,1.8755465062764416
0.05460851579869752,1.0,0.3148895525317672,0.8734385085018366,-0.16901894233279524,-0.21799352095342717,-0.5330780064026821
1.0,1.0,0.009615591809915613,-0.013388278807909715,-0.4416624660936872,-0.4261685357344849,1.7010440041342598
0.1793986651302798,-1.0,-0.24617065136505678,-1.0,-0.5652302600649778,0.07515405113443208,2.04302487453301
-0.14790506183486707,-0.31732181931022435,-0.6865766229592222,1.0,-1.0,0.5739996983547688,1.8053753445302634
-1.0,-1.0,-0.7371535248700587,-0.29860866503669015,-0.761253707185288,0.26720771965741613,-4.132647667322733
0.13357596136835603,-0.3390145920360117,0.7374699732895688,0.37936271346994943,-0.39014417912849453,-0.0185877719866403,-0.05793394954511982
1.0,0.1091761417572184,-1.0,-0.5357191324698916,-1.0,-0.36447475028756027,4.555054169177891
1.0,0.3851186105995862,0.0898483970638313,0.6213071899042873,1.0,0.5759124842859022,-1.78310791114992
-0.05121201534162512,-1.0,-1.0,-1.0,-0.5217426023795191,-1.0,3.8801642807433274
1.0,0.04699126978181378,1.0,-0.8296799100435108,-0.7332793923123317,-0.09874936830180792,4.064373198661863
0.9106820734918647,1.0,1.0,0.7307187771789061,0.31013087066083356,1.0,-5.584889019343488
0.1819489829968326,-0.2625023263808505,1.0,0.9143063718857567,-0.48580606175165636,-0.6396386884068171,0.06111663895542513
1.0,0.1432657574381438,-0.8777911380054038,-0.5824892676001479,0.30216082938190514,1.0,1.7334023976233048
0.7952279513676934,-1.0,-0.16649713555349688,0.47647618478048803,-0.1934541815899124,0.06427750065273774,0.911232629586423
-1.0,-1.0,-0.9251214147180553,-1.0,1.0,1.0,-0.6988381485389197
-0.018644842994506083,0.16903499313420656,0.8348759920411253,1.0,-1.0,0.995988966154801,-1.1954864256184086
0.4107275140140917,0.583645343246733,-0.6615561002613923,-1.0,-0.09590577262528477,-0.6998599377571406,-0.7749860531021573
0.45208968991292,-0.061970784457675177,-0.8133256723721944,0.5645130934498518,-1.0,-0.1745734975407362,1.2021937976637838
0.06220664933374187,-0.6537896108149109,0.10805061129502935,-0.16582955559807305,0.4356097393740837,1.0,2.452586897755347
1.0,0.12165994885119291,0.042709607258545335,1.0,-1.0,-0.9416157101002536,8.254139406357865
-0.7333285345317608,0.5096784834474255,0.2139143045084551,-0.03542564703220753,-0.4899802039473768,0.4751324837663541,-1.1622889812133765
0.41294864990464564,1.0,-0.6925283242560237,-0.20821588467383947,-1.0,-0.6799397464478565,2.981608033397119
-0.03760121692307894,-0.7357612937925,-1.0,-1.0,-0.8535902297909604,0.2605749208003024,0.2811046744554455
1.0,1.0,0.05603802531373692,0.7920375044554873,-1.0,0.7293325610758501,6.152569092674146
1.0,0.3269439419766633,-0.10572457101078292,0.3152292292219304,0.6098138306635538,-0.8194526439736234,-0.04421886538145425
0.46275132808137376,0.47161768358432316,1.0,0.868724546446453,-1.0,-0.0323191360356635,0.8807658497784544
-0.13487996056930385,-0.6352487771223301,-0.5438994476955317,-1.0,-1.0,-0.22353067812346222,2.8804776208166265
-0.28583944257330607,0.8218093877499496,-0.6292544774818024,0.14185359311571843,-0.22935642974342652,-1.0,2.552528304612987
-1.0,-0.4015259470659127,-0.9211002674788868,-0.3934483337103014,-0.1812844626335406,-1.0,5.4440458388655655
-0.3771787242126101,-0.8933074779999969,-0.7744518847157008,0.835241756358453,1.0,0.2055966300988794,-1.689793910406018
1.0,0.7013538374255661,1.0,-0.10250326129860543,0.7449049435067404,-1.0,-1.2432402457446812
-0.8223513271063692,-0.6079762701592538,-1.0,-1.0,1.0,1.0,3.978911165647309
-0.24779586701603584,0.810402022429679,0.8700331165677841,0.06401495736933444,-0.67111157833129,-0.00248524515561932,-2.6803823591890197
0.40835505397083177,-0.8455063524979334,-0.9763078086088804,0.43888357189075633,0.49756669597831105,1.0,2.691824302655219
0.4904082364992226,1.0,0.6275690074748608,0.5510472767321262,0.135863242487675,-0.3724786207495846,-0.7780260832379465
1.0,1.0,1.0,1.0,-1.0,-1.0,7.871491496179682
0.431760600410817,1.0,0.7822169916655767,1.0,0.5288640335365806,0.4353131997474665,-5.133504534245725
0.1676009405263572,0.16909387330043701,-0.36653923839264124,-0.03856774636307869,0.3392352869091424,1.0,3.4643424510377185
0.14419788585599824,-0.46273110438917503,0.18818403179908927,0.8277209587996326,-0.5991586354999602,-0.6097844241402799,1.173607450979031
0.2669021686642097,0.5665423923977032,1.0,0.34591771749459826,-1.0,-0.40103668951543625,0.4017274119990518
1.0,1.0,-1.0,-0.3575992267170076,-1.0,0.4392895796617149,8.620623137615299
-0.799506400472276,-0.47395378697776347,0.32458179806420445,-0.058097856005050685,-1.0,-1.0,-0.8402837333558256
-1.0,-0.22788660152948748,-0.9882897983847208,-0.004196958225167524,-0.2513675051456993,-0.19897443031388892,-0.523962675281854
-0.788934104930684,0.3635292404512229,-0.02805500408093131,0.3425677773542828,1.0,0.5458052188596509,3.1936129715120374
-1.0,-0.8998348411592493,-0.9506007523590094,-0.4132436363260138,0.5811358746334608,0.04920553091362134,-2.9971718823236113
-0.07253102981890291,-1.0,-0.19239851559959598,-0.10238214483553026,-1.0,-1.0,3.383715403683526
-0.35655052572087476,-0.27044569432665677,-0.5133307215621666,-0.06298226149685804,-1.0,0.0882967812953126,-1.5507799149767112
-0.1855418109662864,-0.5134106088653136,-0.19164502391531624,0.24243716865017742,-0.4267867550018458,-0.599451146192675,1.4991307517926669
0.19523838431500273,0.0006351599499296538,0.45620006401931046,0.6675575971910384,0.026169008414420714,0.487346972347267,0.918787812969884
0.8351588918050212,1.0,0.01163832078097915,0.8894085178116797,0.1271438713123051,1.0,2.6617463274063047
-0.5257334101013239,-0.10299494931442926,-0.28301843304217256,0.4601546995910913,-1.0,-0.9602388824099237,0.23171575052265778
-0.04141110845367224,0.8454904040700828,-0.6624756164509725,0.47948017093158724,0.917482827389652,1.0,7.900005356946483
1.0,0.23542564858048953,1.0,0.7223119571013255,-1.0,-0.023668519935880372,4.564644661306873
0.0921751385097957,0.6228609899687261,-0.44916647941647925,0.822688441987079,-0.14898784974438753,-1.0,2.365395454593928
0.12346223159588399,-0.08784927366675027,1.0,0.30070112393905535,-1.0,-0.6611450824139652,0.6149874284151664
-0.0024607944342227572,0.7210985915855174,0.7287880603221238,1.0,1.0,1.0,0.6318454054115688
-0.6108522350168551,-0.2056091215467446,0.12344586951613962,0.15483186613297734,1.0,0.717905242044087,2.576293361575806
0.586927887969728,1.0,0.13323735987529206,1.0,1.0,1.0,1.0114589297302925
-0.2522753981303145,-1.0,-1.0,-0.784357392275115,0.1209887965891735,0.5968440718885413,-2.731313953415903
-0.21715578782042866,1.0,-0.9439658820788874,0.1440586754736509,0.05005596860411221,-1.0,5.22450326708539
0.2669186824425426,0.5984233003206942,-0.9872058766018983,-0.858303465737088,-1.0,-0.7696586431949386,-0.005591213323751287
0.6804961016135145,1.0,0.17211747263656108,0.4867243238863195,0.13881724999112577,1.0,2.1882726532537276
1.0,1.0,1.0,0.4521712811581975,1.0,1.0,-6.168839041793653
-0.23855552510963673,0.17698069576681213,1.0,0.5339569113337378,0.7652569393325612,-0.3519213273835162,-0.18593203466803654
-0.5062495011855275,-1.0,-1.0,-0.8109206328153468,1.0,-0.5256162435755243,-3.3895858721734586
1.0,0.4831881651766059,0.9489929681192306,1.0,-1.0,-0.21891656552390137,5.468699367637079
0.45140795367048314,1.0,-0.38905206441276113,0.21598803752981433,-1.0,-0.7604280718605909,2.2661536006267764
-0.3529301001113596,-0.30832337508263996,-0.7740883705904611,-0.08445561314743633,-1.0,-1.0,-0.23107854126118232
1.0,1.0,1.0,0.5668705824050999,1.0,1.0,-8.042117360454053
1.0,0.642785896840261,0.7594978870070166,0.5279317372835761,1.0,0.5627421371758053,-4.2185817589087815
-0.7166627783429187,0.6560346219646465,0.02840873530652943,-0.39499303910468386,-0.2551140774253055,0.9214742087082676,0.2893980132408611
-0.3107859195643436,1.0,0.14941274725567638,-0.511494122712429,-0.05634330906851969,0.46758072862556377,0.566151747028364
0.11317070480945118,0.25317525120331763,-0.6693401496315674,-1.0,-0.5938607527660499,0.9945489731387582,6.121699820420781
-1.0,-0.6571600969612283,0.6021424155862654,-0.8242572559239595,-0.8305088160624812,-0.8536763825065676,1.9899885579819578
-0.6487835737713603,-0.08936290336700836,0.7637902415084523,0.7553982254333043,-1.0,0.18076860536594186,-2.304047975614635
-1.0,-1.0,-1.0,-0.4896335278405495,-0.08244643225543646,1.0,0.7235012164233562
1.0,0.30590892140440107,0.903181458539287,0.7444802251065157,-1.0,-0.24803080478061768,4.543706353393541
-1.0,-1.0,0.27198193946753046,0.007433235495114182,-0.5806645975140003,-0.7352130315498149,2.174184615183206
0.6892933997254123,-0.21529607354151908,-1.0,-1.0,0.19862238162407375,1.0,2.395082070699681
0.5415029901174722,0.4371071901238115,0.29127531046861277,0.6947687935800003,0.2608045322260457,0.9704588661077618,2.1712718729387146
-0.07014096191601837,1.0,-0.052394395808412486,-0.4420553635649527,-1.0,-1.0,0.7508837770187134
-0.7982204462441119,-0.7520688661863356,-1.0,-1.0,-1.0,-1.0,4.332481324305146
-1.0,0.23808617070642862,-0.44912283293016675,-0.43835898955314334,0.1404494564702609,-1.0,3.4047419166754147
0.27786548003570344,0.3704105567403585,-0.13540007136789112,1.0,0.964086041631868,-1.0,0.27422380495581156
0.5063665718971595,1.0,0.7258079016865651,0.16885110459601826,0.9972149674487027,0.37710505208796413,-1.7417543285881822
0.8239986625186515,0.8139134968767108,1.0,0.7704281711991079,-0.47643942021497515,-0.1462265351269757,1.2620409234628114
-1.0,-0.16997776625334682,0.050440200164236226,-0.1614603343379717,0.20894960366471782,0.1128401306803225,0.6341193929686212
-1.0,-0.26711722259159054,0.04736777644530982,-0.7251492950142624,-0.8152802517408224,-1.0,1.5235879526525522
-0.8243707078009802,0.20183850509839704,0.06739986527003183,0.7527962584772839,-1.0,-0.9549365865872432,-0.10640848795835105
-0.46167415223703034,-0.01716362807549804,0.21274134729550265,-0.059042429786285267,0.16592959660006065,-0.7068751091202468,1.6594287320095487
0.9384008170973033,-0.4879694605745399,0.9716698930450602,1.0,-1.0,-0.8247914427811289,7.068867210983231
-0.43515020436410634,-1.0,-1.0,0.19878400681596525,-0.4437971684483155,-1.0,1.145727053173411
-0.22379573903403494,-0.5687712984007847,0.5499963069693043,0.11774577693062721,-0.7616668333627796,-0.15032486827932262,0.1354593716605721
-0.5234624380080684,-0.48060767069120086,-0.229829627722054,-0.02524887252768626,1.0,0.4275569178882298,1.0035384362443038
-1.0,1.0,-0.9528777757822813,-0.36461363645081035,-1.0,-0.6031766129593295,0.9301104461272587
-0.6988086250633616,-0.20427355611410347,-0.3275737687577669,-0.27022849438351293,0.32794114198601754,-0.6527749019078662,1.6122230391149779
-0.2762916526694561,-0.7544613280165751,-1.0,-1.0,0.2623963979767593,-1.0,2.9062072032323725
-0.5183928966790643,-1.0,0.426758281994038,0.6929096166517499,-1.0,0.09224775261571538,3.039904836196272
1.0,0.3393384636482215,0.30092762520892835,1.0,1.0,0.1447227036430255,-3.1163477008225944
0.9661706779028681,0.1016300436692854,-0.6229320201793311,-0.10384411569777297,0.7180240978671043,1.0,0.8082614699941978
-0.41555362321117184,-0.7909740980654665,-1.0,-0.7049895948684755,-1.0,-0.4850059761598362,0.18787056482532488
-0.9944538458256269,-0.9165496794564898,0.6539303588942322,0.021941686050010456,0.7724710158057555,0.9680435681890579,2.2653546583200446
-0.2917539859203826,-0.05540486234217934,-0.4585378337693131,-0.36715171975219807,-1.0,-1.0,-0.1645376132732198
0.35567893317010774,-0.35093773292869623,0.413152915498302,-0.3652405689961331,-1.0,1.0,3.343789651622764
-1.0,-0.24395161154058304,-1.0,-1.0,0.44976568356294955,0.9310516864629699,5.143726724764949
-0.6504827544975543,0.8124128790181312,0.3620237347980301,-1.0,-0.5946750677401051,1.0,2.1248188642985513
1.0,-0.8609244305621537,0.1412253971449966,-0.2626574184882633,-0.34936474531089534,-0.8006268077084846,5.6473169391567515
0.8807507725621975,0.48927821032261987,0.8835301682144103,1.0,-0.0927046180384058,0.5947534541417376,-1.622830331946761
-0.4317305871606516,-1.0,-0.42465733506761083,-0.8877421816689817,-1.0,-0.8566580288373162,4.337654443202049
0.4778001718887396,-0.9619826050530934,1.0,-0.138940325802208,-0.3321571326463962,-0.8081266842354669,6.094702489170501
-1.0,-0.3456465968033337,-0.3570918681667934,-1.0,-1.0,-0.9558140756480851,2.3145473342393537
-0.8088245321273682,-0.5708438219232548,1.0,-0.6741450842101406,-1.0,0.406367122177982,-2.44190157566895
-0.7337106649876205,0.3228173061902797,-0.523257039219077,-0.20404941313823333,1.0,-0.28563998869805673,1.4229742457407477
-0.12790688068341866,1.0,-0.17874146687082765,1.0,-1.0,-0.5786947591348549,4.364911676568842
-0.5538781129064152,0.002477379882770747,-1.0,-0.8436053555431904,-0.7010391460997168,-1.0,1.1751056771936226
-0.918813561968363,-0.8075132249288411,-0.03611881413034718,1.0,0.21876213101102415,1.0,1.141409605689819
-0.800439015150757,-0.8010747957076106,-0.17077666036282624,-0.7380806600256977,0.4521225782182472,0.1518100646844185,0.766419704154723
-1.0,-0.5596777306300067,-0.7549498137216968,-0.45746894054450027,1.0,-0.4748403798733572,1.495276870248101
-0.8893723302600985,0.5975334017494545,0.6366613812652893,0.28095697108974077,1.0,0.9094784530399715,1.8341257942355131
-0.3223119286104714,1.0,0.016576850816001132,0.1478160184240438,0.7915002342411073,0.9165843663187152,5.648100719149856
-1.0,-0.20539187395055525,0.7312942472117936,-0.1879479360109429,1.0,-1.0,4.204711174630401
-0.14522025445912823,-0.6237462219287454,-1.0,-1.0,-0.3355696574777658,-0.7034373933848124,0.45743467286463896
1.0,0.4642855569665041,0.7019435591625022,1.0,1.0,0.4404122323429454,-4.392567918722601
0.27971432120205786,-0.21448393059879123,0.8098839662967128,-0.5928863813872465,0.35544375775611975,-1.0,2.5276189160477847
-0.2701042255625404,0.4953650151174149,0.06962755499367257,0.2801319500835981,-0.29105342472314294,0.4019444230515837,-0.09801427351053787
0.19057934650837388,-0.17854531268212737,-0.35798213639516085,0.17151175178103872,-0.9939200629562528,-1.0,2.8210270071427
-0.7872239501262006,-0.590051736886306,0.10317966928032973,-0.9755023150877641,-0.6070899158813085,-1.0,3.4812459686404775
-0.2009464700773368,-0.8528784411585051,0.6150041278744751,0.563878858682368,0.6820792045560243,1.0,2.7116898867706207
0.923307910451499,0.8238693915170014,1.0,1.0,-0.8823785780510062,-0.4443440549163207,5.201939292180501
0.40710196630447903,1.0,0.5990667531971476,0.40191143144582764,0.9074287518470094,-0.7699984939999145,-1.3653754041956614
0.9516355795166817,-0.2368914754714997,1.0,0.9179802715666578,-0.036293064758077476,-1.0,2.889769718267298
0.9144031643756264,0.9469525708461546,0.7397994539274299,0.5011959821671984,-0.673217026368512,-0.21732657871563332,2.464109352640806
0.029617843094281393,-0.4198374654058091,0.8803721981668198,1.0,0.16423451874349404,-1.0,0.8810720983572129
-0.4088008555001815,-0.5936152754043342,-0.8590422618934093,-0.7515380800598314,0.22600478258887402,-0.6803126107257746,0.6733118899044206
-1.0,-1.0,0.51248147931781,-0.058841886591108394,-0.264749605929387,-0.3621047798297178,1.666828353647467
0.5913252331847147,0.3683745715908777,1.0,1.0,-0.5877370084029969,-1.0,3.4196831567040467
0.29968335652054323,0.12066724561273268,1.0,1.0,0.3987297765230202,0.26214031376241675,-1.8435405987135842
-1.0,-1.0,0.2019390548245819,-0.3306793754997468,-0.6718874025421323,0.6321221118603618,-2.457491417595021
-1.0,-1.0,-0.46154838160099043,-0.5583057311998008,-1.0,-0.0007116669879620036,-1.5916644825896633
1.0,0.5410010573291542,0.7794841059277644,1.0,1.0,1.0,-4.0358051851460255
0.3534151835826813,-0.756866516357776,0.24750384000468428,0.2531457576044748,0.3796533277970432,0.2831502332662775,-0.8070106589933179
-1.0,-0.7188891651689632,-0.16661901729697548,-0.45130119538339897,0.3582466681192777,0.4868752331582008,-0.13183620615200356
-1.0,-0.050491342322393384,-1.0,-1.0,0.9664789402711343,-0.43076812226783723,0.4538892190305089
-0.7580708537714684,-0.8031678907360194,-1.0,-0.27787936437221705,0.0048842626597749295,0.7004285761328859,0.7238531985428129
0.17925575184826392,-1.0,1.0,-0.4310160531318298,-0.06673613984278282,-1.0,7.0033491907830845
-0.8973366885448347,0.23071957586952985,0.052399753741707744,0.6026540574144957,0.09434439446405984,-0.8915600778962862,2.643265784300849
1.0,0.5741445729816514,-0.23185395397723668,0.3442288506095113,0.09904996014089712,1.0,2.1522093767833512
1.0,0.1639815291872897,1.0,0.5280273123673889,-0.1810089424738861,0.10342759675646158,1.022135149661572
0.2219575581820118,-0.37595793480049133,0.40509408604903663,0.10700979915035563,-0.0891669177924177,-0.6803317474693865,2.1563164764930702
-0.2526808212039161,0.45789168601651853,0.29798470742858096,0.2082302613380833,1.0,0.05340317853135501,0.9616473640136164
-0.518992478746006,-0.052731291010708836,0.762843711666541,-0.348865597098908,-0.44577238930627905,-0.532975153256998,-0.5942729580425599
-0.7995958217165438,-0.17573297947944,-0.5392578496762703,-1.0,-0.9116275616092098,-1.0,1.5361182099417858
0.03772354107523679,0.34688252268471886,0.7301814847670813,1.0,-0.6151753719771559,-0.6968255415046464,1.2811166899929909
-1.0,-1.0,-1.0,-1.0,1.0,-0.5625296408909384,-3.7341855732430393
-0.1257296680974831,-1.0,-1.0,-0.6423860127046599,-0.2323301730943158,-1.0,3.317291614961919
-0.0343500161235879,-0.11653984352489305,-0.3750587235460376,1.0,1.0,0.3093268587137312,1.1431738717500632
1.0,0.5333895820164138,0.5595686649649336,0.746997858342225,0.29500155700350766,-0.5229071630979921,0.9366413326181442
1.0,1.0,0.4374558787560237,-1.0,0.9752552841395747,0.87843681683869,2.512658212338027
0.03804555151733302,-0.22534521906853344,-1.0,0.5722374299784447,-1.0,-0.8215391905085513,0.7944512280699931
-0.49626698896939625,-1.0,-1.0,-1.0,-1.0,-0.8391578640953494,3.381743552590194
0.3215664890713412,-0.10681981895355114,0.013728713438453832,-0.4208949129484054,-1.0,-0.11093986992026927,1.377573655269351
-0.6233575905024364,-0.45752349022598127,-0.9790962789476771,-0.22014685096658532,0.6503746625202063,0.9383821153713383,4.925785249444763
-1.0,-0.5669412199140742,-1.0,-0.7200716853801534,-0.21294563853613424,0.01643705813032681,-3.136250843156977
-1.0,0.5051450769186494,-1.0,-0.1426810277458217,-0.45097241554502454,-0.617776365471596,0.5547247917195941
0.05232269141180043,0.29166145582093916,0.5867477573200948,-0.21935271060332406,-1.0,-0.8968657185630199,0.195242845790909
-1.0,-0.9724684758433499,-1.0,-1.0,-0.18788784639694578,-1.0,2.963319230090525
-0.8298913089701657,-0.17963024489529617,0.7389412452823426,-0.33217640524117975,0.11110616315180594,-0.4423040308018069,1.4746139595017416
-0.7553796543777773,-1.0,-1.0,-0.0952648066685644,-1.0,-0.9731995153481519,-1.2896381135938038
-0.8535865140344534,-1.0,-1.0,-1.0,1.0,-1.0,2.182577568566364
0.8500475519049041,0.6698165788674448,0.877620497163113,0.2795954390278309,-0.3731420256790442,-0.8767908465253286,3.3365082914026973
0.4434762355009003,-1.0,-0.48196264938653866,1.0,-0.8407010626678617,-0.42820892613172523,1.7123346637708303
-0.35461545468328803,0.22063289254818563,-0.5358465897549225,0.529625624897367,0.9355503784481711,0.48397043733123457,2.3940459232830373
-0.9029730987634819,-0.6081329158697139,1.0,0.7922638260592159,-0.1783222372303248,-0.5002972881311886,-0.43576798032619274
1.0,1.0,0.3580916522634603,0.7863552242355163,-1.0,-1.0,9.597482336169692
-0.03168252650102765,0.2705264960540494,1.0,0.2194998853227661,1.0,0.3371289213890182,-0.5471672550865451
-0.49027040298952607,-0.9738972775062245,-0.9139633150186119,-1.0,1.0,-0.42426476950578956,-2.4522902207064985
0.10053787683648296,1.0,1.0,1.0,-0.010549491997926597,-0.3554376466975238,-2.120349503256973
-0.5982232990747043,1.0,0.7499729408954068,0.45963066156791854,-1.0,-1.0,-1.317456869733691
-1.0,-1.0,-0.9728690219155385,-1.0,-0.18268972906121908,0.6914278639435628,-4.852500046738906
-1.0,-0.48093725460085635,-0.7460210848719326,0.13620579974535202,-0.5454316585000603,-1.0,2.942610475523993
-1.0,-0.19519724578568426,0.5418048389101331,0.3704918459430194,-1.0,1.0,-3.722540496822165
-0.41447101476075243,0.39262715368193896,-0.6267467481573593,0.13749929813194883,0.22185824723533953,-0.9458099462104188,2.6045890228192436
-0.5943862649437096,0.1815560944619919,0.9723137476069998,0.4345832595316173,0.919918911383819,-0.1384625114213457,-0.6352430973079961
-0.1299315219293754,0.7719110108561935,-0.16252122777955968,-0.11796497535831763,-0.9764633471558652,-0.9297852030316788,-0.9336793036759076
-0.5573936769541283,-0.6071091135575695,-1.0,-0.002131682116289446,-0.3609617933850619,-0.012704295963291035,-2.0786889268410453
-0.936916495279456,0.7937917699562136,-1.0,-1.0,-0.7613065001114727,0.8102657042305907,7.0040872490100865
-1.0,-0.1725109906711333,-1.0,-0.4871743712288601,-0.7689994620648295,-1.0,3.6099130001728073
1.0,0.09148969168807192,-1.0,0.7031153725540396,0.25056795586018066,-0.046634976364832714,-2.0522902023966134
0.7656337434089863,1.0,0.5366562464026576,-0.05134776509497729,0.5072150332818216,-0.09367900150411418,-2.7990717420881985
-0.20279145848586694,0.7282236070751394,0.2709472577802998,-0.5602442312707234,0.9419551495911453,1.0,5.864084724154117
-1.0,-0.21041768092972202,-1.0,-1.0,0.35064667750795286,-0.5553153833330363,0.5664817757404552
0.5332850077309754,1.0,0.9134305172294936,1.0,-1.0,0.21526558822970776,1.004925106421424
1.0,0.7632798653530448,1.0,0.7558746548019684,-0.4494114603111994,-0.7383960616470474,3.7965995600726603
-0.06317446805076227,0.7949884454996933,1.0,0.659605786026734,-1.0,-1.0,0.317319448756846
-0.9864033477651205,-0.5161795273445519,-0.1528065831385954,-0.12688006663746831,0.012020742588710331,0.6665569148079895,-0.2808122226673888
0.8118970781695583,0.6029109983837256,0.7410655363871756,0.011962948379025562,0.6507626022812889,0.2168284110992341,-2.840378451762666
-0.8380507878330077,-0.6397871321422371,-0.6126383703810039,-1.0,-1.0,-1.0,3.1255788911649374
-0.01634482213270727,1.0,-0.013662863632253441,0.9686070401527793,-0.17495598210973962,0.9970350615928436,1.124266242593238
-0.9965121078410599,0.7340329407984963,0.4388746956508749,-0.4320535478768299,-0.05894676593833115,-0.4262452959292313,0.24871652054031312
0.3977410993491447,0.2875230523978569,0.24825415433377923,-0.6170176771431645,-0.03879229008903162,0.005010089218002056,0.13920427586125111
0.9358271447090497,-0.7571718849401774,-0.26787206529030194,-0.28355577316595554,0.05100528651769709,1.0,0.6447926039812479
0.40032659027430495,0.20741939980295276,0.678411356914987,1.0,0.6034003975733263,-0.3110997622436493,-1.2555226224052491
-0.15938604268599377,-0.12867501984518048,-1.0,-0.173987670730267,0.6673427034009742,-0.16648922998628624,0.6686000035518316
1.0,0.7429748216298053,-0.1562253893421488,-0.15412926826156997,-0.10418778941511664,-0.6834285995967251,1.0241347229836426
0.15781485840200005,-1.0,-1.0,-0.3883691690886413,-0.07237159426117541,0.19172667331985416,-2.1905711209937424
-0.6043630167623393,0.09791673308531362,-0.9326285299013883,-0.26131942769296224,-0.27256877163564497,-0.35075623396623784,-0.24742838954062094
0.13935320814556784,-0.16235635908631918,0.37598522064882134,1.0,-0.1562161767638785,0.8570625899168617,1.2287651861732531
0.19083755816395953,0.9591172192913047,0.6389090564215185,1.0,-1.0,-1.0,5.123889150679024
-0.2982615601817236,-1.0,1.0,-1.0,-0.2784605725879852,-0.48745874299004766,4.538573519811984
-0.26806710407164913,-1.0,-0.004604772746046093,-0.3800694948149973,-0.6142827039397272,-1.0,4.7456836516208565
0.41008466464724114,0.0942593002126203,0.7257672274723241,1.0,0.08933926590335489,1.0,0.27596189274829114
1.0,0.7944943096195055,0.14619594517239937,-0.01355965539954232,-0.04284000238125141,-1.0,3.333260669170333
-0.8965451372881683,-1.0,-0.38713361651336564,-0.2851151906913156,0.5723816382223896,1.0,2.859379070113203
-1.0,-0.5403585509722028,-1.0,-0.4212552215319093,1.0,0.6024731614587086,0.26120601798891757
-0.43804056091333504,0.6236794472381748,1.0,0.42111569157191586,-0.2583095963191257,0.8062000213569911,-2.1949552784794437
0.03598358796282075,-0.48623385324525636,-1.0,-1.0,-0.058862482865049526,-0.8347953870715128,1.1354852921488323
-0.21383571459434908,0.833786723916437,0.21041191668412706,1.0,0.7004810838604992,-1.0,1.5691862244941963
-0.4620396346071037,1.0,1.0,1.0,1.0,0.2046345641539855,-6.442268216091075
0.5640284518797738,-0.38199894552120417,1.0,1.0,-0.02872038661919607,-0.8135295873288518,0.6912999206545248
1.0,0.5187988937649437,0.14934353481168094,1.0,-1.0,1.0,8.448259814981604
0.9106535203328145,-0.03808305549533564,-0.09903017365409852,-0.45255716255494993,0.7559644131048888,0.0013797307353443644,-2.2792194413417186
-0.15915411917117428,-1.0,-0.3841479850478693,-0.5484810651093256,-0.5707030983299042,-0.07619921250177597,0.4670614024488293
0.7796716279338834,-0.21784857218408785,-0.2886468576571187,-1.0,0.23609844262402324,0.9113204359383051,1.48343504073647
0.08128419067452819,0.4302787972376819,-0.4332281491076261,0.14497636849845613,0.07173037166825735,0.18611798107751776,0.9473109385474221
0.5323348862058882,1.0,-0.720623463712099,-0.298432543701167,0.5992033858845334,-0.6452545319073039,0.15500179576784429
-0.3028066310654548,-0.6532752896546004,-0.33654738379282656,-1.0,0.30686772562116094,0.6393075736723857,-0.4833919354263291
-1.0,-1.0,-1.0,-0.5412416915949236,0.29299522368430675,0.029641942603761295,-5.341068672584636
0.7832232667774619,-0.6914386386286202,0.16740854306216502,0.9586641586515082,0.5149255581861842,0.7578398319312296,1.5555934666835096
-0.1990238485950564,-0.44498594568856564,-0.4251015065374235,-0.28357776044943095,0.4210703025487653,0.26493824699549795,0.5438619628746744
-0.9308824528681727,-0.3175432359927428,-1.0,-1.0,-1.0,-1.0,3.2099836356085243
1.0,0.5548930449216296,0.9542966954392337,-0.6824016522513966,-0.05132155261561189,0.08830897103547408,-0.7059215602143905
0.4487749939898624,-0.04963313169514749,-1.0,-0.3919213747028769,-1.0,-1.0,2.25490284270821
0.04471840732813431,0.06831919880052817,0.9122617582457785,0.5538340792273385,-0.11219436839057595,-1.0,2.299772743997792
-0.9860103976138861,-0.8852533774307154,-1.0,-0.9837080990834515,0.12304683401075497,-0.01445515015006188,-6.3193994818664185
0.726373007346512,1.0,0.01618839753617496,1.0,-0.7948367177389674,-0.24849959544143874,4.870435178982247
0.9203552334723839,1.0,0.07569189597079551,1.0,-0.3196191085330664,-1.0,8.410939508810094
0.13809801527870913,1.0,1.0,1.0,-1.0,0.7923153565982561,-3.594681618550196
0.4473104923889808,0.6789957942044602,-0.7988694913564875,0.7713929353592176,-0.3358799454215009,1.0,5.429151754281047
-0.8243444284204408,-0.9197743580478238,-0.3236962462580518,-1.0,-1.0,-0.6903703989784657,4.3124314270129815
0.22376730558557578,0.21197345852780503,0.13336283052852238,1.0,0.03832764927393888,-1.0,2.8899424290019584
-1.0,-0.892956095995078,-0.14273746894365624,-1.0,0.1798181725730097,0.6996734335049835,-1.7513508016072104
1.0,1.0,1.0,-0.04362796279264136,0.4526887395584526,0.4319889868542206,-4.096966944403742
0.14469982029567513,-0.0685854694366912,-0.8161242845674421,0.5748085415874388,-0.3890894456810313,0.2645923561573795,0.01339646725907434
-1.0,0.34130073300292607,-0.28234367504883817,-0.577611046347773,-0.5167003864770003,-0.12329168037600885,-1.6126726171371708
0.3817953141654699,1.0,0.9847837830800176,1.0,1.0,1.0,-6.608918073884516
1.0,1.0,0.07530779067901522,0.5841990503293728,-0.9948282173907992,-0.16670967485713262,3.975445901886688
-1.0,-0.14032706000028844,-0.48068937122890365,0.3761163582794713,0.7616022824609113,-0.19396967146259844,2.052559155182388
-0.06988138712996517,0.49057275937884004,1.0,-0.33191587453896015,1.0,1.0,0.2686427661725264
1.0,0.6150218851863043,1.0,0.4338444647013209,-0.3612752138350648,0.24030400825123788,0.3682789379944273
0.6580033679834036,-0.41057715912472564,-0.06866743898836092,-0.936827737694591,0.4209104238949294,-1.0,4.887165765401481
0.8115322532834065,-0.4262966194027069,-1.0,1.0,-1.0,0.07030708024738441,2.080332709605861
1.0,0.9957389461982975,0.39726741628520346,0.9742580529934155,-0.7524166540608999,-0.3995386353823063,5.9245156505308065
1.0,1.0,0.5895215467740216,1.0,0.4734395282695381,0.13734769370544064,-3.052171136499495
0.010773209796977434,-0.21521299132122573,-0.5826144207339655,1.0,0.5461375538953601,0.20017382484101198,-0.07302908041322162
-0.1583180762083321,1.0,1.0,-0.18571320240940226,-1.0,-0.868193715065763,-3.7104761218918068
-0.16873551501388906,1.0,-0.18106367832408887,-0.6650149695969148,1.0,-0.45403600841085834,1.1642779090664521
-0.9589152749466967,0.05458534619401145,-0.46676111584050095,-1.0,-0.05739952475819221,-0.9539019680081693,3.405422999539603
-0.3603416354928765,-1.0,-1.0,-0.10881925062420289,-0.5194123306350136,0.41194946302417673,-3.390692280410766
-1.0,-0.7645614485546481,-0.6002290030847772,-1.0,0.29365030754402854,0.8588636343782863,-1.699360074118948
-1.0,-0.006285654006188857,-0.7609265549814326,-0.17375749794124618,-1.0,-0.5685008728923165,-2.2142430357945013
-0.48831432694952304,0.7676045222154215,0.052744421910123185,1.0,0.908455953528039,0.5529324001389524,1.6332535414533351
0.8671552029988248,0.9844239276911093,-0.07185467845525983,0.6709582568308785,-1.0,-0.9096601402893238,7.281912506815287
-0.3438068826010996,-0.7634331077074231,-0.6451272185761643,-1.0,-0.5782065823929241,-0.3917638724788481,0.5819059139994004
-0.3900662020811627,0.009240562606184444,1.0,1.0,0.8509003067391834,-0.8332873031456912,-0.14522599585212903
-0.9837239163253491,-0.6938253604421265,-0.867064103879117,-1.0,-0.95346922993616,-0.756324498631489,1.7853531187740357
-0.15578913451448584,1.0,-0.4640698811122975,0.4953127905370983,0.17724611836015547,0.44308127662141583,1.5557893743411542
0.9086564649890697,1.0,-0.17216552252773076,-0.8788611071192062,-0.024380926569555594,0.0019121784020830201,1.8182890959360676
0.10166866614020109,-0.9216394367000247,-1.0,-1.0,-0.05087377563028639,0.022489594534351787,-3.1802709583650506
-0.6190176392211184,-0.7471776678112394,-0.30889907469360045,-1.0,-0.22891964448544705,1.0,-0.4593715254383999
-1.0,-0.8727372823112802,-0.8833950262153956,-0.08239386617621183,0.7980938242832266,0.911855781697229,2.716070443618287
-0.17351163376742923,-1.0,-1.0,0.9838903187536466,-0.24867282502767196,-1.0,-0.48295353963507714
1.0,-0.8646757083977136,0.0670904320303666,-0.9427860457848435,-0.636819156941703,0.5794502854839472,4.364578392186405
-0.009638490843546066,-0.2222293793987366,-0.7768148176874299,0.4897490251751959,0.029538530922943326,-0.5912230084118189,0.37682175988340105
0.3025907588739174,1.0,-0.026160029792657608,0.9519482900454315,0.8760346119485922,0.4354480234432655,-1.0605451961917274
-0.6766124148013763,-0.023658167534358787,-1.0,-0.7799939674755056,-1.0,-0.599741207617607,-1.7538132443479066
0.6977196722821096,-0.23914705981144935,0.8096482740292185,-0.6668817082943642,0.04504872957281511,0.4599289757173519,-1.8369603945723467
0.4318329253634352,0.56496708625725,0.35823101626259446,-0.30695633298488456,-1.0,-1.0,2.931587839339225
-0.9608367120206328,-1.0,-0.5921969876958443,-1.0,-0.8608728109201369,-0.22828799403289984,-0.08780405041409728
-1.0,-0.42591042872757073,0.20275249276739346,0.21818876191910552,-0.6974246853420883,0.5032781812108931,-2.4452387638498405
0.6802968356674584,0.5023992781896345,1.0,0.03487374823769773,-0.06514388945994898,-0.025666450990302292,0.4042267765068273
-0.16309827830081502,-0.5443795961562918,-1.0,-1.0,1.0,0.9275689613070104,3.2997623578882673
0.5203043440904178,1.0,0.43427567182529425,1.0,-0.10643503066585773,1.0,0.6633865929040562
0.8237021635603528,-0.08226264252403315,1.0,1.0,0.6339945851851331,0.10720390225038678,-2.5574522367646613
-1.0,0.059379543748851016,-1.0,-0.8124172074534228,-0.6918137608129427,-1.0,2.0062010239101458
-0.014306218558942652,-0.2920794097369178,-0.4199506389602724,-0.17365906242836915,0.9610019343534615,0.7511764935967777,2.148832351380826
0.4813775131233669,-1.0,-0.02310974705154123,-1.0,-1.0,-0.5208474589537102,9.693030116511625
-1.0,-0.8630586554140722,-1.0,-1.0,0.305856225413207,0.3673570348579799,-5.646963544611696
-0.6260362180264494,1.0,-0.0413405346611867,1.0,0.6586237372468664,-0.4841638536417431,0.4438198233914443
0.28283370243773,0.46282183397898197,-0.018222568820327523,0.43918705692786575,-0.03800533920911531,-0.5342017655914693,1.019147661420724
1.0,0.8582024205837145,-1.0,0.38998271310217336,-1.0,-1.0,6.856403856689736
-0.3665021667339122,0.4791874531200972,0.3245495973727748,0.20676988574864408,1.0,1.0,4.099718666723334
0.3925700678992943,0.6199794257257605,1.0,-0.06689907912318571,0.2802879786458301,0.35212815742177667,-0.1904956874916508
-1.0,1.0,-1.0,-0.01873585511512147,-7.894471801406233e-05,0.10005395944424383,2.996803658209368
1.0,0.28604928095030324,0.7157216498826324,0.02148188696282638,1.0,0.15719675009849832,-3.673307744550268
-1.0,-0.33502871996090744,-0.26354629404317453,0.39140502523610343,1.0,1.0,6.304495811360605
0.4051520535742501,0.4435434964314168,0.32928043754160596,1.0,-0.9099304917399806,0.02521285568514603,1.6190635480251272
-0.5522178533573836,-0.042148711929378524,-1.0,-0.06516719757430645,1.0,-1.0,3.569556375937377
-0.8118942773137297,0.8804000008681148,0.4663253462951558,1.0,-0.4198134470054704,-1.0,2.0724346692494233
1.0,0.7048895355813419,0.8056279952999181,1.0,-1.0,-1.0,9.450734554268895
-1.0,-1.0,-0.8634723988609327,-0.4114287956954046,0.3191355209614495,-0.19914619311322915,-2.3804030902222086
-0.10771055738692847,0.7051041958941427,0.3549265278323853,0.09353748551657592,-1.0,-0.45877720167233704,-0.5122858982159392
-1.0,1.0,0.35725886757819525,0.6205236831209705,-0.18231758164501768,-0.24147330054268634,-1.399308318992307
-0.20366772913373593,-1.0,-0.42471990125582915,-0.6423869535600017,1.0,0.25753507405115683,-0.8727083249654615
-1.0,-1.0,-1.0,-1.0,-0.0338777907514779,-0.3964276127299245,-6.071699406728287
0.14912831304959062,1.0,1.0,0.7607163654913767,-0.37128300407528325,-1.0,0.9173751729407047
-0.4630839928757863,-0.09374832940916086,0.3659281464678715,-0.17990721685540328,0.04667631722753657,0.1293308923234472,-0.041958781764949035
0.8168467222676011,0.08404370360900981,-0.6824969791046445,0.3653476079817795,0.33459324138378405,1.0,2.7339311084277695
-0.07170575774762189,-0.3635512753490314,0.799150496243304,-1.0,-1.0,-0.9353406689363404,2.694366885803753
-0.8789742129677378,-0.5103962637622448,-0.4600776740209307,-1.0,-0.3160873654412929,-0.0099437833711718,-1.4208058454645196
0.9344370512584207,-0.4437946785554988,-0.654829421602916,0.7178270005074874,-0.6984809491108535,-1.0,4.299360076502078
0.15913490410708753,0.8600300449445273,0.6122525822883873,1.0,-1.0,1.0,0.6650940664614963
0.389595297380813,1.0,0.1807841914854449,-0.3034030919848544,0.11420906114987134,-0.31396249226354356,-0.37098190169351014
-0.40924886867235966,0.4047064587917439,-0.5299073277797608,0.99933587229341,0.1363577301989407,0.21983993238856392,0.6054224898787376
0.1483198085628195,-0.21152580603427198,0.4996430367518331,-0.9618833999630296,-0.40826517408400853,-0.4635669589077209,1.6280811327622602
-0.35229140022784394,-0.722670615784449,-0.26008446058776374,0.9847123154293994,0.4583876280200482,-0.4580229071422828,-1.305185472501024
-0.12281576905523861,0.22730513783019357,0.6398213360373514,1.0,1.0,-0.6570127558029628,0.6392810566400811
-0.4335362012091062,-0.7347309584928133,0.12735725902537187,-1.0,-0.36564831743151543,-1.0,5.080847854801169
0.3368943088761014,0.5667156717146606,1.0,1.0,0.923710499796483,-0.8605064217232629,-0.8039225454426384
-0.6214475898775622,-0.2238974409731518,-0.47821661031553264,1.0,-0.12308985852669241,-0.48140219419981745,-1.091566931327256
1.0,1.0,-1.0,1.0,-1.0,-1.0,12.199072479429939
-0.26593550635823415,-0.03408558299661024,-0.5259611023245755,0.2915865012742804,-1.0,-0.0011582082733117005,-0.8795947202063478
-0.9815144819058392,-0.43692024058959605,0.19341340297538812,0.15389967339600674,0.3264798039254532,-1.0,5.219079934804686
-0.6355756353928195,0.9779212542886447,-0.29596963597960035,-0.492047227879269,0.29158169156788116,0.060144789629141354,1.4499700436358074
-0.16105861705587876,-0.49174220825743475,0.19287933423978754,-0.9846688636420924,-1.0,0.04502341999331742,3.366499491721292
1.0,-0.06037100986252353,0.005208780363471943,-0.02811667958893682,-1.0,-1.0,7.192849064622136
-0.8404851750305697,-0.808749841446444,-0.7545542946607074,-0.20821436757194073,-0.37553852729031867,0.07478828652552627,-1.650398988913977
1.0,0.11145495975611658,-0.5759717253396526,-0.46951306210395416,0.9509363513625231,1.0,0.017586428007362258
0.6824815530389224,0.9719714272517693,-1.0,-0.6363129826921463,0.1939504511570247,0.6335949711837885,3.9275928241286753
-0.47620370075023444,0.26541102649108494,-0.7209809311482798,-0.8655571342258833,-0.515091521227629,-0.005293375669496059,-1.4844852156960369
0.1252822365057954,1.0,-0.5272499970241203,0.2610720644572656,-0.3876337053086867,-0.15580733843356986,1.522421937190742
-0.7537505545321813,0.08263948821153577,-0.22080556955426456,-0.719143891244362,0.3650480113271113,-0.44295933903120366,1.1445487860752799
-1.0,-1.0,-0.20888022295640585,-0.24215492776019582,0.34948374037535657,-0.4478881361362087,0.9914738255881271
0.8976635708784064,-0.6297154106923769,-0.5404040926559095,-0.24100589010151346,-0.7799082962396956,-1.0,5.918935959326636
0.6957556588004403,0.6137358332343577,0.7513157538503998,-0.10135105265282046,1.0,0.710752299162768,-2.4399177479783596
1.0,1.0,1.0,1.0,-0.7782186864214002,-0.7748039092632519,6.058267699821478
0.6542395081062555,1.0,1.0,1.0,0.9788508101316211,1.0,-7.816144732725764
-1.0,-0.6998647899038564,-1.0,-1.0,-0.18650957970327853,-0.5780193759472374,-0.8557697795643524
-0.807700355903668,-1.0,-0.1280793423116945,-0.33485545779755355,-1.0,-0.8034989958294825,1.967550645985749
1.0,1.0,0.29732123020274726,1.0,0.21454044190838648,0.12268697379302362,-0.8393419368996157
1.0,1.0,1.0,0.20062398433602208,0.4118904197289104,-0.6440281494892778,-1.2527298431646168
-1.0,-1.0,0.14492334967057469,-0.5406902600243972,-0.40477212980532706,-0.6961560326201157,2.7190609271066375
-1.0,-0.5589613306999813,-0.726877965712282,-0.7828086622705668,-0.6551654073357301,0.004315209447086604,-1.9683408215283922
1.0,1.0,0.6809120390083772,0.3193470750891194,-0.8835153123443813,0.7709519537208831,2.4469810964283116
-1.0,-0.11578827246366852,-0.9816537868815748,-1.0,1.0,-0.7138523822039267,2.375078194955088
0.2968812252346301,0.6498148951089132,0.1412010256517368,-1.0,1.0,1.0,6.147066708602722
-0.38666026692291594,1.0,1.0,1.0,-0.665469863164128,1.0,-6.261171772134562
1.0,0.15866966674981103,1.0,0.31933698206495026,-0.5756164712185319,0.3105803804266453,1.2569832599528985
-0.2112402918996088,-0.22092117295964675,-0.5893307887881216,-1.0,0.10106907544715071,-0.2719808168738557,-0.755765790117048
-0.34979144394005524,-0.49014441774916273,0.9763787546248648,-0.6626789156186965,-1.0,0.7892396766840264,-3.3376539022373066
-0.8260464845579374,-0.8635905566736819,-0.43349632899585844,-1.0,-0.9151119891489268,0.6621671859829679,1.282655764044296
-0.4152382017362421,1.0,0.5018789497892502,0.34552916281099655,-0.056990259843678004,0.5963390677547626,-1.8416034352256356
0.7923019657884838,0.06647935280505712,1.0,0.6683264765403851,0.9064215309488719,0.5212351902969379,-4.218628110611924
0.4033307514469896,0.7399324242857712,-0.057178599423572174,0.06719201229702687,1.0,-0.7752204478382221,0.073050481761345
-1.0,0.2860863095591339,-0.012174474147839232,-1.0,-0.6549431048185211,0.44882660741919284,-0.11370063551424703
0.5417411810393848,-1.0,-0.9059568398415248,0.4557240022235008,-1.0,-0.5643357155967187,1.5149152695730246
-0.5824121480003502,0.19588040324602463,1.0,-0.22619303746334884,0.13574155976190638,-0.4434678874331871,0.4391136926065253
0.16063751460914288,-1.0,-1.0,-0.8103419376624312,0.21803594162339857,1.0,-0.7284992534954555
-1.0,-0.7307576155467126,-0.5056738897057053,-0.7367476430735536,1.0,0.2747189945670856,1.3686706484538325
0.8852614645511493,-0.17905761314544194,-0.27350346781888113,-0.6961804405113541,-1.0,-1.0,6.344329677321295
-0.12294185816721859,0.1990761212096923,0.7892627147347475,-1.0,-0.22482732990088716,0.7439124833954387,-0.44760825966397166
-0.953234787524071,-0.5390478544455811,-1.0,-0.7731978102198337,-1.0,-1.0,3.2317337408097164
-0.819099592782226,-1.0,-0.4328386435316183,-1.0,1.0,1.0,0.5544142164336319
-0.21495728903734806,0.32547921779212907,0.9355698570770077,0.6678398228010982,0.9096765338441348,0.43484656170275476,-1.4296549405779644
0.4614208298075506,1.0,1.0,1.0,0.7407805052099832,-0.850565120550327,-4.02743906278109
-0.1023340637565083,0.45178544685463323,-1.0,-0.37861777655206363,1.0,-0.9094496808524488,1.4121820222637895
0.5095637473687361,0.4502716161377503,-1.0,-0.11187297210245162,0.34058584742588804,0.9658184447823628,5.96245535794912
-0.38289705077164615,0.001336370840208767,0.9858827140146231,0.9344969885279366,1.0,0.14215741177698082,-0.7599182412373885
0.733623453675037,0.4006181380500071,1.0,0.9368555148996611,-1.0,1.0,1.751209284340848
0.3873614729810809,0.7302895707271858,0.6918888692291598,0.034015906971078924,0.4190767894496523,-0.3527457064602924,-1.5932418945095899
-0.35046273678583484,-1.0,-1.0,-1.0,-1.0,-0.124343006407162,1.0869907442555704
-0.4868608459892967,-0.35484119496765887,-0.5816277243915832,-0.7733852938806108,-1.0,-1.0,1.4336994343071259
0.6226818976827626,0.9229709092476435,0.5873645462257062,-0.11133289454751116,-0.3796414994945849,-1.0,3.4052577515142075
0.3284849746625365,0.38709155978971543,-0.1579656233489336,0.679617417590126,-0.3398404356074669,-0.8120383319812694,2.4751569016046804
-1.0,-0.2812377087445379,-1.0,-0.9379493290010219,-0.11011836032063238,-1.0,5.2256173207349175
-0.9251205887862441,-0.2695833424664742,-0.8165495876421227,-1.0,0.32739733888210343,0.5324421299523355,0.3168255882876989
0.02055802772222229,-0.046999143039796354,0.7697424060107032,0.2980537990595909,-1.0,-0.5613659489947733,0.07754150046983704
-0.30197632858260237,-0.11105533670795908,-1.0,-1.0,1.0,1.0,7.06776124809584
-0.3782933195078204,0.5052650254396376,1.0,-0.49411941412323857,0.044079444250652466,0.7770265773280023,-1.0854486175943376
-1.0,-0.6430495736544966,-0.35925651871187125,-1.0,-0.8329883034379307,-0.5743398727451647,2.402413180696626
-0.5162082620972657,-1.0,-0.8243485706695544,-1.0,0.12659802796334085,0.2944555584769576,-5.105551297576758
-1.0,-0.5310346017921234,-0.46540089554141706,0.4054285142626484,1.0,0.31692809429691593,2.1397800326989125
1.0,0.9526217124575557,1.0,1.0,0.4793143086376023,-0.28314101618710974,-4.212481555026468
-1.0,-1.0,-1.0,-0.2121801765373471,-0.34862133847341736,-1.0,3.07489885033699
0.9572495371016251,0.9016443109481521,1.0,-0.9061785835505214,1.0,0.37376427210895957,-1.4996468709449808
-0.6015398198121467,-0.1244971753959917,-1.0,-1.0,-0.6254118327512235,-0.20983224785094512,-1.8354350453175228
0.6521022384373316,0.1619637906701492,1.0,-0.0287900121706485,-0.00455753176492274,0.4360517486492437,-0.13134313462497038
0.24473883991966106,0.3191350989500884,1.0,-0.5269587515404185,-0.10146280693449417,0.7423799303686066,-1.242416207790998
-0.09028989902080098,-1.0,-0.964543223209865,0.44707474578066914,1.0,-1.0,-0.5653288954838169
-0.09010262830341087,0.49585890260251947,-0.20366822713900273,0.8913267577145985,0.6391862649337681,-1.0,3.0198648242977404
1.0,-0.46344989625971417,0.30390897637003084,0.2749411030781673,-1.0,-1.0,9.813079237697083
-1.0,-0.03295978853821335,0.41989267481557413,-1.0,-1.0,-1.0,0.35861023281360777
-1.0,0.4907804886706457,-0.5003471201503044,0.9349754251839221,1.0,0.604872963425344,5.187822769201879
-0.870963922371593,-0.1735382231786119,-1.0,-1.0,-0.4870571209867156,-1.0,4.421633423670135
0.10829738459989713,0.555154170106418,1.0,1.0,0.5064997774264173,1.0,-3.4037531440874385
0.016162120554246595,-1.0,-0.550135756071347,-0.5692406964052433,-1.0,-0.6426299003340348,4.1869069059677635
-0.29032987887811645,0.07529165022916984,0.46235441606272587,1.0,0.5047009516218226,1.0,2.761074170617488
-0.1480942291401578,0.38969330845517214,-1.0,-0.760077337766636,-1.0,-1.0,0.35258323945303305
1.0,0.20260182863537946,1.0,-0.3514886959287289,0.3653807926567092,0.8953407793502062,-4.10903242491381
-1.0,-0.4110366968522159,-1.0,-0.48114386719648206,0.06273321135764834,-0.12843769728518095,-1.457506275334381
1.0,0.28222574882685936,0.9240020663574449,1.0,0.06175449121617027,0.008036085571707319,-0.6592523539477939
-0.37788182394743386,-1.0,-0.6744059265594387,-0.20691461393949018,-0.8231571090508705,-0.09181075210035824,-1.3631218129381708
0.06984772777379247,0.678271402227915,-0.49890930816286283,1.0,1.0,1.0,4.819188107433941
1.0,0.44216658950348764,0.5274362917201834,0.6674696921696001,-0.7691829201074127,0.33290553143378443,1.8997058309222334
-0.43124821527447776,-0.5037739376657224,-0.24886930900641313,0.0971898127041747,0.18642742391010117,0.3571232363478638,0.717951845985479
-0.20894233611306068,-0.33987471440781536,-0.06140335737817093,0.6016663073828616,0.9898676683473098,0.9362180503617943,4.4277159268485535
-0.9484788874466183,-0.5306537261368504,-0.39420969623883484,-0.9384892636163962,0.5949348375827324,1.0,2.723699845149604
-1.0,-1.0,-1.0,-0.29745191208895405,1.0,0.06959432593726633,-5.680703769502411
-0.1983019268278824,-1.0,0.10042867101424596,-0.06058966707249635,-1.0,0.7429623868923078,1.1031820387928764
0.35940366617134967,-0.14305513620625776,-0.10864429790954913,0.06602890268131528,-0.7737426659421274,-0.5374822849474179,0.8204965847454794
1.0,-0.5210038382432971,1.0,1.0,-0.1571144424314076,0.06080078671579381,0.2419577895572489
0.8114881414224364,-0.21126525702445254,0.5997775833833864,-1.0,0.141714365759649,1.0,-0.4004960071048377
-1.0,-0.4039031812735896,-0.7963550546092029,-1.0,-0.023302633566017805,-0.8930997989267462,3.200061798660487
0.7818167342009448,-0.03954308525521598,1.0,-0.1727068651690613,0.5785416557517261,1.0,-4.022261925058201
-0.04538280630953989,-0.38810725534417734,-0.01305631856071976,-0.15325927803660455,1.0,0.6073953652139945,1.473093673757254
0.38083258185851687,0.13181816256215528,-0.7180289776800306,-1.0,1.0,-0.21987151099163427,-0.9860491245313411
-1.0,-0.6298835469593972,0.31608295897438765,-1.0,-0.1948577275218224,-1.0,3.3407284301153695
0.12533681565390076,-0.2315368123431515,-0.4594594460510252,-0.4849812843789546,0.48023817392885404,0.22579232868751722,-0.39012689627872615
1.0,0.5371237259971204,0.771314082420191,0.8584753030206014,-0.5240129046670239,-1.0,7.742347119465581
0.7316220877413419,1.0,0.4514364093169956,0.45183850972963024,0.3291830129255797,1.0,0.22251464565878173
1.0,1.0,-0.16010484103712164,1.0,0.34110917391416545,-0.30149427726839034,0.7648251441969296
0.6489577749364966,0.09698242790751097,0.8886396013006599,-0.2728607160364418,-0.9700687239330223,0.2771344229735123,0.9823678669516184
0.6234373845992516,-0.9317411301049683,0.6273621901700868,-1.0,0.04003707142253432,0.3812607385998361,-0.2511078632016736
-1.0,-1.0,1.0,0.25015568272536143,0.2654233438476199,0.04775418827413147,2.7376372277364034
1.0,1.0,0.3479436531635651,0.6121237009287892,-0.4798583533375693,-0.12247496464806476,1.4595958444947625
-0.0383264653468417,-1.0,0.40325898446337355,1.0,-0.4745276014386034,0.3418386481845954,3.354061267713412
-0.6222536545102265,-0.10164244802472144,0.679608995349692,-0.7523035838870386,0.003581487640061942,-0.34649688777454396,0.3725301250235746
-1.0,-0.4484644365855408,-1.0,0.13181941934181984,-0.0635752847996356,0.031313866643547406,-1.3022369075306706
0.5359064758604284,1.0,0.175913659137649,1.0,-0.7090303846757221,-0.42722342400662994,4.465455268605302
-0.036649287963637756,-1.0,-1.0,-1.0,0.3645385492246229,-1.0,2.562730394091223
-0.662672934895953,-0.31452507604209257,0.48566801528377657,-0.569378224412838,0.7519303612622108,-0.423971573562254,2.6592724204179206
-0.05821160421557414,-0.7044904268517646,0.18976957235424757,-0.1326170943156243,-1.0,0.7202328961739,1.4644110509520203
-0.02900781397021264,0.9778268782563335,0.008136542934099267,-0.23960348266939618,0.034114547728399836,-0.7804404177585844,0.27819331501085254
0.46150163521957777,0.9809753837736883,-0.42350054470614407,-0.4580027852381758,-0.5105456661970071,0.7686247801344673,5.5651287211386675
-0.6983362868829587,0.3317494671854524,-0.08632432143575075,-0.9402882508704373,0.3178642223197397,0.06952588747008673,0.7113605511510546
0.7364789824210582,1.0,1.0,1.0,0.7436688455469118,0.6819430540149863,-8.382123664517417
-0.9246803463310209,-0.12677708183002,-0.7852479619041248,-1.0,1.0,1.0,7.321054152048804
-0.08340938355141225,-1.0,-0.9664526668876037,-0.5001226687155751,0.2470298016384591,-1.0,2.5399015160028795
0.7170550663887402,-0.4079356143492089,-1.0,-0.3323015561756463,0.1935206095223025,1.0,3.455822416356648
-0.01707008346401867,0.4876633648077475,-1.0,-0.5712584043158924,-0.36267024956557214,-0.33743434744329415,-1.815661997091659
-1.0,-0.30459515215731153,-0.40324523346953367,-1.0,1.0,0.8436203412499804,5.064460285959736
-1.0,-1.0,-0.9047077962762748,-0.45212577471120563,-0.7857579066656099,1.0,0.29056571014007826
0.6788189464260422,-0.26279556090248013,1.0,-0.2554282220398653,1.0,0.013485711462686734,-2.542995011993262
1.0,0.11315718625454496,0.8274188271915295,1.0,0.34345331835950627,0.23339068362603765,-2.2632844201457503
-1.0,-0.7856964060455064,0.5846272167427421,0.14671231183515687,-0.5718903613129598,1.0,-2.0276667602652925
-0.5929742662315654,-1.0,-0.40925485720261,-0.47263129718208075,0.19222333328166985,1.0,-0.08054180773738001
-1.0,-1.0,-1.0,-1.0,1.0,0.5652359537393457,-6.483516872648245
-1.0,-0.42327897035480944,-0.6639807503246675,-0.5359289862065505,-1.0,0.7668005802678758,-1.1375984288521284
-0.1273199220988082,0.11558472306939116,-0.6481359677945171,-0.2827519923737525,-0.0684010649278996,-0.7336614684543253,0.5015175499013171
-0.6836368609874728,0.14237379067331302,-0.4637466410514388,-0.11207930128927257,-0.3700195452252568,-0.12900243276994944,-1.2931961651139825
-0.5700153296478121,-1.0,0.6199050770284932,-0.08226575089544609,1.0,1.0,2.4305203410586675
0.07480236921895428,0.6727443103440388,-0.21239581588855638,0.2332536433335676,-0.5723834191154284,0.24485944740339435,0.4409300089682986
1.0,0.08235304818307737,0.7723851989043437,0.856246678502255,0.4947927713034006,1.0,-2.730205950584295
-0.31198004376392485,-0.3780394269672651,0.11927648738203339,0.013963017638808584,-1.0,-0.04040582832761552,-1.4560564357016514
-0.7011302441405662,1.0,0.6173700934532401,0.21787766367700345,0.9352621547460032,-0.7000115495824655,1.3213351343823785
-0.17978230595835376,-0.17643708097424723,-0.3675419485186966,-0.4172758622243833,1.0,1.0,3.6937945336472726
0.28735846767900464,0.636838613306452,0.1875576928955864,-0.1255762636353322,0.8253521384348048,0.29426524988401126,-0.011429994682831734
1.0,0.7763896673441455,-0.2908961811495828,1.0,-1.0,-0.22424011934579466,5.116981360161268
0.6427590711878912,0.5427827376345727,-0.11166347558464695,-0.3780860799630452,-0.697586150736231,-1.0,3.6431670916701746
-0.005543009889260153,0.24063327772014564,1.0,1.0,-0.1842932909087056,0.8485811059768972,-2.906995095826549
-0.5239538239025688,0.3831367619310178,1.0,-0.5777169660591776,0.09601551163147182,1.0,-0.6949061669709085
1.0,1.0,0.8745548667347909,0.146885405593411,-1.0,0.290801002620548,1.4424587324923634
0.5555947138714448,-0.14806133357472448,-0.12345579731168482,-1.0,1.0,0.05571734832919528,0.42772098401646785
-1.0,-0.4204715364999858,-0.42080324262144664,-0.08892309539813026,1.0,1.0,5.311364935329138
0.8111152568212192,0.6973183627788073,0.42691479501460017,1.0,0.03392525233333371,1.0,0.9366842001135347
-0.6866978910714681,0.31075538518780454,-0.6576104723227223,0.0750503318391755,-0.2286508632278127,-0.27876027398433134,-1.3204690659657614
-0.1500158658022821,0.439817051057752,-0.3656387824666516,0.3810632033928831,0.5180320102765616,-0.22997025555137668,0.7123504601188453
0.914266305880405,1.0,0.7156909436159001,0.8855720054537592,-0.6889046828448848,-1.0,6.896257273197274
0.6357579849003243,-0.12036156155267608,0.08531508357158249,0.6813613951162485,0.17478024311455553,0.149324460108896,-0.35438226837029035
-1.0,-0.8126987402553574,-1.0,0.21491006967551773,0.01796663276140198,0.9185210591309866,3.822602776258827
-1.0,-0.7733946144351928,1.0,0.11589998296246212,-0.8458079990123664,-0.16599014454615657,-2.1915899966583128
1.0,0.8542327060206939,0.6836641195811798,0.5572498094522588,0.5638073038861615,0.02350704418864448,-2.2299151907126866
-0.13809861401705525,-0.6237837686896106,-1.0,-0.2199423502080865,-0.8467075727056534,-0.7787758535757067,1.356234043010631
-0.2322667428901537,-0.056925613482009696,-0.1817310203115255,0.7496266154890863,1.0,0.31946130125630745,1.676267907825205
0.1646363001278066,0.05297123984228236,1.0,-0.4333236642225106,0.6310138069759561,-0.5592923704580155,0.3108711118406663
-0.8828426046327538,-0.8334450169829992,-1.0,-1.0,1.0,0.6620833325763575,-3.3675146733935257
-0.6187478518913033,-1.0,-0.9945120239967058,-1.0,-0.13115430054008204,0.1715046878747004,-5.935333804992564
-1.0,-1.0,-0.37820632308664803,0.10028763747549385,-0.621194440083496,-0.9122871738568713,0.951339447895909
1.0,1.0,0.4668110982146506,0.14335408301616082,1.0,0.30998722963254344,-3.1347112397309638
-0.6231734733853159,-0.6889931619560251,-0.009990728259461956,-1.0,-1.0,-0.8106051953427637,5.305304785493712
-1.0,-1.0,-1.0,-0.11187655011304054,-0.32408372374550154,-1.0,2.1473690889352817
0.7647864371347461,0.9886357296872903,0.6055025570875587,1.0,-1.0,-1.0,8.43197198774321
0.7384945347610922,-0.1292228835914131,-0.9857845048520598,-0.1390701324361533,-1.0,-1.0,5.041390867162848
-0.1539405830857865,-0.10162383599875369,0.7632341952237282,-1.0,-0.3066449491111227,0.6121732304878871,-1.7019831131280505
-1.0,0.10312861943176593,-1.0,-1.0,-0.2780979040942462,-1.0,2.71483952144897
1.0,0.10890746261309159,0.08497471934752976,0.3229002142948686,-0.5910250268968804,-0.5297375523877222,2.4816103362862627
-1.0,-1.0,-1.0,-0.1909540181813476,-0.1438637262905964,0.36732695618293826,-3.7565200857507812
-1.0,-0.649798055648809,-0.6030137419160084,-1.0,0.7348143020282181,0.29214857426063223,-1.1475211089554023
0.024298295861290176,0.31076128629009847,-1.0,0.10045940395975828,-0.09475842966666823,-0.006427637893007487,-0.2119358970188443
-1.0,-0.8306651776244529,-0.11338883619479279,-0.7839111499815723,-0.03364256323866749,0.7162177964067058,-2.8005003567985756
0.8575166660344804,1.0,0.7492715998149186,1.0,-0.4784177891715965,0.08130583232988603,1.4883278746685664
-1.0,-0.8706503030703885,-1.0,-0.9777876187202792,0.38090421495563476,1.0,-0.08591839065765455
0.13057021823285853,1.0,0.7996601014198037,0.13994621945368246,0.5280629740549262,0.5787328290350893,-1.4464285585765277
-1.0,-0.5115140124456199,-1.0,0.3475869177125679,-0.9213127843894047,-0.7662284025317296,-0.6620389318426481
0.9688400846347793,1.0,1.0,1.0,0.3233199232846258,0.30092555982838753,-5.175618372009872
-1.0,-1.0,-0.7827555022058152,-1.0,-0.14840169664212288,-0.174241504907388,-4.297768837317749
-0.3753660546766462,-1.0,-0.8579220175748798,0.2611603723816658,-1.0,-1.0,-1.1501095157864236
0.787342536581253,0.9928679679571943,0.42651720633509654,-0.12334539622436647,0.14851986851941956,1.0,2.32615936176778
-0.5646087577051251,-0.11822652852754684,0.5193009373554522,0.5605000469136068,-0.5964411201656148,-1.0,1.7614802519310906
1.0,0.9853757201144495,-0.20475856037063106,0.8293812984404321,1.0,0.7302226504489109,-0.5628505306190557
0.007872862512649376,-1.0,0.9104198180218213,-0.4082657102071716,0.13696481542188654,-0.13143236667114577,3.0567481724836614
-1.0,-1.0,-0.5565940968856695,-0.08245402760565712,0.2490991161942956,0.17759785326973454,-1.4301963951847851
1.0,0.840863687544914,-0.2727315021595833,0.3544110911256362,1.0,1.0,1.8576301983470749
0.5312627270506001,0.1285049060266661,1.0,0.7524037212183146,0.07861271153328775,-0.16348680151490033,-1.0120930037996276
0.01422778486690579,-0.22959890220916324,0.3370655726120991,-0.18262974593171954,-1.0,1.0,4.112866410379777
0.8773160557508287,0.7825447172197835,0.09605062363295247,0.3006652051555375,0.3349638538064601,0.9945433263016122,0.956216298892338
-0.5268727720115072,-1.0,-1.0,-1.0,-1.0,-1.0,5.089972345970969
1.0,0.48790982008475337,1.0,0.11642770169073513,-0.06416683950460933,-1.0,4.113865062821023
